Board,Qualification_Type,Variant,Subject,Spec_Code,First_Assessment_Year,Last_Assessment_Year,Status,Filename,Source_URL,Download_Date,Notes
AQA,ALEVEL,,Art_and_Design,7201,2017,PRESENT,CURRENT,AQA_ALEVEL_Art_and_Design_7201_2017_to_PRESENT_CURRENT.pdf,https://cdn.sanity.io/files/p28bar15/green/80577b7e4e6f566866e5ac421ce9cf8f9b444dff.pdf,2026-06-13,MIGRATED [registry-code] from AQA_ALEVEL_Art_and_Design_7201_2015_CURRENT.pdf (853 KB)
AQA,ALEVEL,,Biology,7402,2017,PRESENT,CURRENT,AQA_ALEVEL_Biology_7402_2017_to_PRESENT_CURRENT.pdf,https://filestore.aqa.org.uk/resources/biology/specifications/AQA-7401-7402-SP-2015.PDF,2026-06-13,MIGRATED [registry-code] from AQA_ALEVEL_Biology_7402_2015_CURRENT.pdf (1265 KB)
AQA,ALEVEL,,Biology,2410,2005,2016,LEGACY,AQA_ALEVEL_Biology_2410_2005_to_2016_LEGACY.pdf,https://web.archive.org/web/20081230081414id_/http://www.aqa.org.uk/qual/gce/pdf/AQA-2410-W-SP-10.PDF,2026-06-13,MIGRATED [registry-code] from AQA_ALEVEL_Biology_2410_2008_LEGACY.pdf (466 KB)
AQA,ALEVEL,,Business_Studies,7132,2017,PRESENT,CURRENT,AQA_ALEVEL_Business_Studies_7132_2017_to_PRESENT_CURRENT_pub2023.pdf,https://filestore.aqa.org.uk/resources/business/specifications/AQA-7131-7132-SP-2023.PDF,2026-06-13,MIGRATED [registry-code] from AQA_ALEVEL_Business_Studies_7132_2023_CURRENT.pdf (903 KB)
AQA,ALEVEL,,Business_Studies,2140,2005,2016,LEGACY,AQA_ALEVEL_Business_Studies_2140_2005_to_2016_LEGACY.pdf,https://web.archive.org/web/20081230121353id_/http://www.aqa.org.uk/qual/gce/pdf/AQA-2140-W-SP-10.PDF,2026-06-13,MIGRATED [registry-slot(year)] from AQA_ALEVEL_Business_Studies_2140_2008_LEGACY.pdf (291 KB)
AQA,ALEVEL,,Business_Studies,7132,2017,PRESENT,CURRENT,AQA_ALEVEL_Business_Studies_7132_2017_to_PRESENT_CURRENT_pub2015.pdf,https://filestore.aqa.org.uk/resources/business/specifications/AQA-7131-7132-SP-2015.PDF,2026-06-13,MIGRATED [registry-code] from AQA_ALEVEL_Business_Studies_7132_2015_LEGACY.pdf (450 KB)
AQA,ALEVEL,,Chemistry,7405,2017,PRESENT,CURRENT,AQA_ALEVEL_Chemistry_7405_2017_to_PRESENT_CURRENT.pdf,https://filestore.aqa.org.uk/resources/chemistry/specifications/AQA-7404-7405-SP-2015.PDF,2026-06-13,MIGRATED [registry-code] from AQA_ALEVEL_Chemistry_7405_2015_CURRENT.pdf (1239 KB)
AQA,ALEVEL,,Chemistry,2420,2005,2016,LEGACY,AQA_ALEVEL_Chemistry_2420_2005_to_2016_LEGACY.pdf,https://web.archive.org/web/20081221120246id_/http://www.aqa.org.uk/qual/gce/pdf/AQA-2420-W-SP-10.PDF,2026-06-13,MIGRATED [registry-code] from AQA_ALEVEL_Chemistry_2420_2008_LEGACY.pdf (470 KB)
AQA,ALEVEL,,Computer_Science,7517,2017,PRESENT,CURRENT,AQA_ALEVEL_Computer_Science_7517_2017_to_PRESENT_CURRENT.pdf,https://filestore.aqa.org.uk/resources/computing/specifications/AQA-7516-7517-SP-2015.PDF,2026-06-13,MIGRATED [registry-code] from AQA_ALEVEL_Computer_Science_7517_2015_CURRENT.pdf (1339 KB)
AQA,ALEVEL,,Computer_Science,2520,2010,2016,LEGACY,AQA_ALEVEL_Computer_Science_2520_2010_to_2016_LEGACY.pdf,https://web.archive.org/web/20081209082635id_/http://www.aqa.org.uk/qual/gce/pdf/AQA-2520-W-SP-10.PDF,2026-06-13,MIGRATED [registry-slot(only)] from AQA_ALEVEL_Computer_Science_2520_2008_LEGACY.pdf (303 KB)
AQA,ALEVEL,,Design_and_Technology,7552,2017,PRESENT,CURRENT,AQA_ALEVEL_Design_and_Technology_7552_2017_to_PRESENT_CURRENT.pdf,https://filestore.aqa.org.uk/resources/design-and-technology/specifications/AQA-7552-SP-2017.PDF,2026-06-13,MIGRATED [registry-code] from AQA_ALEVEL_Design_and_Technology_7552_2017_CURRENT.pdf (1089 KB)
AQA,ALEVEL,,Drama,7262,2017,PRESENT,CURRENT,AQA_ALEVEL_Drama_7262_2017_to_PRESENT_CURRENT.pdf,https://filestore.aqa.org.uk/resources/drama/specifications/AQA-7262-SP-2016.PDF,2026-06-13,MIGRATED [registry-slot(only)] from AQA_ALEVEL_Drama_7262_2016_CURRENT.pdf (815 KB)
AQA,ALEVEL,,Economics,7136,2017,PRESENT,CURRENT,AQA_ALEVEL_Economics_7136_2017_to_PRESENT_CURRENT.pdf,https://filestore.aqa.org.uk/resources/economics/specifications/AQA-7135-7136-SP-2015.PDF,2026-06-13,MIGRATED [registry-code] from AQA_ALEVEL_Economics_7136_2015_CURRENT.pdf (878 KB)
AQA,ALEVEL,,English_Language,7702,2017,PRESENT,CURRENT,AQA_ALEVEL_English_Language_7702_2017_to_PRESENT_CURRENT.pdf,https://filestore.aqa.org.uk/resources/english/specifications/AQA-7701-7702-SP-2015.PDF,2026-06-13,MIGRATED [registry-code] from AQA_ALEVEL_English_Language_7702_2015_CURRENT.pdf (646 KB)
AQA,ALEVEL,,English_Language,2720,2005,2016,LEGACY,AQA_ALEVEL_English_Language_2720_2005_to_2016_LEGACY.pdf,https://web.archive.org/web/20081218200728id_/http://www.aqa.org.uk/qual/gce/pdf/AQA-2720-W-SP-10.PDF,2026-06-13,MIGRATED [registry-slot(year)] from AQA_ALEVEL_English_Language_2720_2008_LEGACY.pdf (279 KB)
AQA,ALEVEL,,English_Literature,7712,2017,PRESENT,CURRENT,AQA_ALEVEL_English_Literature_7712_2017_to_PRESENT_CURRENT.pdf,https://filestore.aqa.org.uk/resources/english/specifications/AQA-7711-7712-SP-2015.PDF,2026-06-13,MIGRATED [registry-code] from AQA_ALEVEL_English_Literature_7712_2015_CURRENT.pdf (768 KB)
AQA,ALEVEL,,English_Literature,7717,2017,PRESENT,CURRENT,AQA_ALEVEL_English_Literature_7717_2017_to_PRESENT_CURRENT.pdf,https://filestore.aqa.org.uk/resources/english/specifications/AQA-7716-7717-SP-2015.PDF,2026-06-13,MIGRATED [registry-slot(only)] from AQA_ALEVEL_English_Literature_7717_2015_CURRENT.pdf (845 KB)
AQA,ALEVEL,,French,7652,2017,PRESENT,CURRENT,AQA_ALEVEL_French_7652_2017_to_PRESENT_CURRENT.pdf,https://filestore.aqa.org.uk/resources/french/specifications/AQA-7652-SP-2016.PDF,2026-06-13,MIGRATED [registry-code] from AQA_ALEVEL_French_7652_2016_CURRENT.pdf (478 KB)
AQA,ALEVEL,,Further_Mathematics,7367,2017,PRESENT,CURRENT,AQA_ALEVEL_Further_Mathematics_7367_2017_to_PRESENT_CURRENT.pdf,https://filestore.aqa.org.uk/resources/mathematics/specifications/AQA-7367-SP-2017.PDF,2026-06-13,MIGRATED [registry-code] from AQA_ALEVEL_Further_Mathematics_7367_2017_CURRENT.pdf (749 KB)
AQA,ALEVEL,,Geography,7037,2017,PRESENT,CURRENT,AQA_ALEVEL_Geography_7037_2017_to_PRESENT_CURRENT.pdf,https://filestore.aqa.org.uk/resources/geography/specifications/AQA-7037-SP-2016.PDF,2026-06-13,MIGRATED [registry-code] from AQA_ALEVEL_Geography_7037_2016_CURRENT.pdf (877 KB)
AQA,ALEVEL,,History,7042,2017,PRESENT,CURRENT,AQA_ALEVEL_History_7042_2017_to_PRESENT_CURRENT.pdf,https://filestore.aqa.org.uk/resources/history/specifications/AQA-7041-7042-SP-2015.PDF,2026-06-13,MIGRATED [registry-code] from AQA_ALEVEL_History_7042_2015_CURRENT.pdf (1040 KB)
AQA,ALEVEL,,Mathematics,7357,2017,PRESENT,CURRENT,AQA_ALEVEL_Mathematics_7357_2017_to_PRESENT_CURRENT.pdf,https://filestore.aqa.org.uk/resources/mathematics/specifications/AQA-7357-SP-2017.PDF,2026-06-13,MIGRATED [registry-code] from AQA_ALEVEL_Mathematics_7357_2017_CURRENT.pdf (1011 KB)
AQA,ALEVEL,,Media_Studies,7572,2017,PRESENT,CURRENT,AQA_ALEVEL_Media_Studies_7572_2017_to_PRESENT_CURRENT.pdf,https://filestore.aqa.org.uk/resources/media-studies/specifications/AQA-7572-SP-2017.PDF,2026-06-13,MIGRATED [registry-code] from AQA_ALEVEL_Media_Studies_7572_2017_CURRENT.pdf (878 KB)
AQA,ALEVEL,,Music,7272,2017,PRESENT,CURRENT,AQA_ALEVEL_Music_7272_2017_to_PRESENT_CURRENT.pdf,https://filestore.aqa.org.uk/resources/music/specifications/AQA-7272-SP-2016.PDF,2026-06-13,MIGRATED [registry-code] from AQA_ALEVEL_Music_7272_2016_CURRENT.pdf (761 KB)
AQA,ALEVEL,,Physical_Education,7582,2017,PRESENT,CURRENT,AQA_ALEVEL_Physical_Education_7582_2017_to_PRESENT_CURRENT.pdf,https://filestore.aqa.org.uk/resources/pe/specifications/AQA-7582-SP-2016.PDF,2026-06-13,MIGRATED [registry-code] from AQA_ALEVEL_Physical_Education_7582_2016_CURRENT.pdf (967 KB)
AQA,ALEVEL,,Physics,7408,2017,PRESENT,CURRENT,AQA_ALEVEL_Physics_7408_2017_to_PRESENT_CURRENT.pdf,https://filestore.aqa.org.uk/resources/physics/specifications/AQA-7407-7408-SP-2015.PDF,2026-06-13,MIGRATED [registry-code] from AQA_ALEVEL_Physics_7408_2015_CURRENT.pdf (1425 KB)
AQA,ALEVEL,,Politics,7152,2017,PRESENT,CURRENT,AQA_ALEVEL_Politics_7152_2017_to_PRESENT_CURRENT.pdf,https://filestore.aqa.org.uk/resources/politics/specifications/AQA-7152-SP-2017.PDF,2026-06-13,MIGRATED [registry-code] from AQA_ALEVEL_Politics_7152_2017_CURRENT.pdf (744 KB)
AQA,ALEVEL,,Psychology,7182,2017,PRESENT,CURRENT,AQA_ALEVEL_Psychology_7182_2017_to_PRESENT_CURRENT.pdf,https://filestore.aqa.org.uk/resources/psychology/specifications/AQA-7181-7182-SP-2015.PDF,2026-06-13,MIGRATED [registry-code] from AQA_ALEVEL_Psychology_7182_2015_CURRENT.pdf (852 KB)
AQA,ALEVEL,,Psychology,2185,2005,2016,LEGACY,AQA_ALEVEL_Psychology_2185_2005_to_2016_LEGACY.pdf,https://web.archive.org/web/20080911110814id_/http://www.aqa.org.uk:80/qual/gce/pdf/AQA-2185-W-SP-10.PDF,2026-06-13,MIGRATED [registry-slot(year)] from AQA_ALEVEL_Psychology_2185_2008_LEGACY.pdf (519 KB)
AQA,ALEVEL,,Religious_Studies,7062,2017,PRESENT,CURRENT,AQA_ALEVEL_Religious_Studies_7062_2017_to_PRESENT_CURRENT.pdf,https://filestore.aqa.org.uk/resources/rs/specifications/AQA-7062-SP-2016.PDF,2026-06-13,MIGRATED [registry-code] from AQA_ALEVEL_Religious_Studies_7062_2016_CURRENT.pdf (644 KB)
AQA,ALEVEL,,Sociology,7192,2017,PRESENT,CURRENT,AQA_ALEVEL_Sociology_7192_2017_to_PRESENT_CURRENT.pdf,https://filestore.aqa.org.uk/resources/sociology/specifications/AQA-7191-7192-SP-2015.PDF,2026-06-13,MIGRATED [registry-code] from AQA_ALEVEL_Sociology_7192_2015_CURRENT.pdf (949 KB)
AQA,ALEVEL,,Spanish,7692,2017,PRESENT,CURRENT,AQA_ALEVEL_Spanish_7692_2017_to_PRESENT_CURRENT.pdf,https://filestore.aqa.org.uk/resources/spanish/specifications/AQA-7692-SP-2016.PDF,2026-06-13,MIGRATED [registry-code] from AQA_ALEVEL_Spanish_7692_2016_CURRENT.pdf (756 KB)
AQA,GCSE,,Art_and_Design,8201-8206,2017,PRESENT,CURRENT,AQA_GCSE_Art_and_Design_8201-8206_2017_to_PRESENT_CURRENT.pdf,https://filestore.aqa.org.uk/resources/art-and-design/specifications/AQA-ART-GCSE-SP-2016.PDF,2026-06-13,MIGRATED [registry-slot(only)] from AQA_GCSE_Art_and_Design_8201-8206_2016_CURRENT.pdf (1046 KB)
AQA,GCSE,,Biology,8461,2017,PRESENT,CURRENT,AQA_GCSE_Biology_8461_2017_to_PRESENT_CURRENT.pdf,https://filestore.aqa.org.uk/resources/biology/specifications/AQA-8461-SP-2016.PDF,2026-06-13,MIGRATED [registry-code] from AQA_GCSE_Biology_8461_2016_CURRENT.pdf (829 KB)
AQA,GCSE,,Business_Studies,8132,2017,PRESENT,CURRENT,AQA_GCSE_Business_Studies_8132_2017_to_PRESENT_CURRENT.pdf,https://filestore.aqa.org.uk/resources/business/specifications/AQA-8132-SP-2017.PDF,2026-06-13,MIGRATED [heuristic] from AQA_GCSE_Business_Studies_8132_2017_CURRENT.pdf (1150 KB)
AQA,GCSE,,Chemistry,8462,2017,PRESENT,CURRENT,AQA_GCSE_Chemistry_8462_2017_to_PRESENT_CURRENT.pdf,https://filestore.aqa.org.uk/resources/chemistry/specifications/AQA-8462-SP-2016.PDF,2026-06-13,MIGRATED [registry-code] from AQA_GCSE_Chemistry_8462_2016_CURRENT.pdf (2637 KB)
AQA,GCSE,,Computer_Science,8525,2017,PRESENT,CURRENT,AQA_GCSE_Computer_Science_8525_2017_to_PRESENT_CURRENT.pdf,https://filestore.aqa.org.uk/resources/computing/specifications/AQA-8525-SP-2020.PDF,2026-06-13,MIGRATED [registry-code] from AQA_GCSE_Computer_Science_8525_2020_CURRENT.pdf (946 KB)
AQA,GCSE,,Design_and_Technology,8552,2017,PRESENT,CURRENT,AQA_GCSE_Design_and_Technology_8552_2017_to_PRESENT_CURRENT.pdf,https://filestore.aqa.org.uk/resources/design-and-technology/specifications/AQA-8552-SP-2017.PDF,2026-06-13,MIGRATED [registry-code] from AQA_GCSE_Design_and_Technology_8552_2017_CURRENT.pdf (1201 KB)
AQA,GCSE,,Drama,8261,2017,PRESENT,CURRENT,AQA_GCSE_Drama_8261_2017_to_PRESENT_CURRENT.pdf,https://filestore.aqa.org.uk/resources/drama/specifications/AQA-8261-SP-2016.PDF,2026-06-13,MIGRATED [registry-code] from AQA_GCSE_Drama_8261_2016_CURRENT.pdf (756 KB)
AQA,GCSE,,Economics,8136,2017,PRESENT,CURRENT,AQA_GCSE_Economics_8136_2017_to_PRESENT_CURRENT.pdf,https://filestore.aqa.org.uk/resources/economics/specifications/AQA-8136-SP-2017.PDF,2026-06-13,MIGRATED [heuristic] from AQA_GCSE_Economics_8136_2017_CURRENT.pdf (1120 KB)
AQA,GCSE,,English_Language,8700,2017,PRESENT,CURRENT,AQA_GCSE_English_Language_8700_2017_to_PRESENT_CURRENT.pdf,https://filestore.aqa.org.uk/resources/english/specifications/AQA-8700-SP-2015.PDF,2026-06-13,MIGRATED [registry-code] from AQA_GCSE_English_Language_8700_2015_CURRENT.pdf (2265 KB)
AQA,GCSE,,English_Literature,8702,2017,PRESENT,CURRENT,AQA_GCSE_English_Literature_8702_2017_to_PRESENT_CURRENT.pdf,https://filestore.aqa.org.uk/resources/english/specifications/AQA-8702-SP-2015.PDF,2026-06-13,MIGRATED [registry-code] from AQA_GCSE_English_Literature_8702_2015_CURRENT.pdf (758 KB)
AQA,GCSE,,French,8652,2017,PRESENT,CURRENT,AQA_GCSE_French_8652_2017_to_PRESENT_CURRENT.pdf,https://filestore.aqa.org.uk/resources/french/specifications/AQA-8652-SP-2024.pdf,2026-06-13,MIGRATED [registry-slot(year)] from AQA_GCSE_French_8652_2024_CURRENT.pdf (1721 KB)
AQA,GCSE,,French,8658,2017,PRESENT,CURRENT,AQA_GCSE_French_8658_2017_to_PRESENT_CURRENT.pdf,https://filestore.aqa.org.uk/resources/french/specifications/AQA-8658-SP-2016.PDF,2026-06-13,MIGRATED [registry-code] from AQA_GCSE_French_8658_2016_LEGACY.pdf (1136 KB)
AQA,GCSE,,Further_Mathematics,8365,2018,PRESENT,CURRENT,AQA_GCSE_Further_Mathematics_8365_2018_to_PRESENT_CURRENT.pdf,https://filestore.aqa.org.uk/resources/mathematics/specifications/AQA-8365-SP-2018.PDF,2026-06-13,MIGRATED [heuristic] from AQA_GCSE_Further_Mathematics_8365_2018_CURRENT.pdf (699 KB)
AQA,GCSE,,Geography,8035,2017,PRESENT,CURRENT,AQA_GCSE_Geography_8035_2017_to_PRESENT_CURRENT.pdf,https://filestore.aqa.org.uk/resources/geography/specifications/AQA-8035-SP-2016.PDF,2026-06-13,MIGRATED [registry-code] from AQA_GCSE_Geography_8035_2016_CURRENT.pdf (846 KB)
AQA,GCSE,,History,8145,2017,PRESENT,CURRENT,AQA_GCSE_History_8145_2017_to_PRESENT_CURRENT.pdf,https://filestore.aqa.org.uk/resources/history/specifications/AQA-8145-SP-2016.PDF,2026-06-13,MIGRATED [registry-code] from AQA_GCSE_History_8145_2016_CURRENT.pdf (847 KB)
AQA,GCSE,,Mathematics,8300,2017,PRESENT,CURRENT,AQA_GCSE_Mathematics_8300_2017_to_PRESENT_CURRENT.pdf,https://filestore.aqa.org.uk/resources/mathematics/specifications/AQA-8300-SP-2015.PDF,2026-06-13,MIGRATED [registry-code] from AQA_GCSE_Mathematics_8300_2015_CURRENT.pdf (807 KB)
AQA,GCSE,,Media_Studies,8572,2017,PRESENT,CURRENT,AQA_GCSE_Media_Studies_8572_2017_to_PRESENT_CURRENT.pdf,https://filestore.aqa.org.uk/resources/media-studies/specifications/AQA-8572-SP-2017.PDF,2026-06-13,MIGRATED [registry-code] from AQA_GCSE_Media_Studies_8572_2017_CURRENT.pdf (631 KB)
AQA,GCSE,,Music,8271,2017,PRESENT,CURRENT,AQA_GCSE_Music_8271_2017_to_PRESENT_CURRENT.pdf,https://filestore.aqa.org.uk/resources/music/specifications/AQA-8271-SP-2016.PDF,2026-06-13,MIGRATED [registry-code] from AQA_GCSE_Music_8271_2016_CURRENT.pdf (1274 KB)
AQA,GCSE,,Physical_Education,8582,2017,PRESENT,CURRENT,AQA_GCSE_Physical_Education_8582_2017_to_PRESENT_CURRENT.pdf,https://filestore.aqa.org.uk/resources/pe/specifications/AQA-8582-SP-2016.PDF,2026-06-13,MIGRATED [registry-code] from AQA_GCSE_Physical_Education_8582_2016_CURRENT.pdf (1490 KB)
AQA,GCSE,,Physics,8463,2017,PRESENT,CURRENT,AQA_GCSE_Physics_8463_2017_to_PRESENT_CURRENT.pdf,https://filestore.aqa.org.uk/resources/physics/specifications/AQA-8463-SP-2016.PDF,2026-06-13,MIGRATED [registry-code] from AQA_GCSE_Physics_8463_2016_CURRENT.pdf (1992 KB)
AQA,GCSE,,Psychology,8182,2017,PRESENT,CURRENT,AQA_GCSE_Psychology_8182_2017_to_PRESENT_CURRENT.pdf,https://filestore.aqa.org.uk/resources/psychology/specifications/AQA-8182-SP-2017.PDF,2026-06-13,MIGRATED [heuristic] from AQA_GCSE_Psychology_8182_2017_CURRENT.pdf (683 KB)
AQA,GCSE,,Religious_Studies,8061,2017,PRESENT,CURRENT,AQA_GCSE_Religious_Studies_8061_2017_to_PRESENT_CURRENT.pdf,https://filestore.aqa.org.uk/resources/rs/specifications/AQA-8061-SP-2016.PDF,2026-06-13,MIGRATED [registry-slot(only)] from AQA_GCSE_Religious_Studies_8061_2016_CURRENT.pdf (690 KB)
AQA,GCSE,,Religious_Studies,8062,2017,PRESENT,CURRENT,AQA_GCSE_Religious_Studies_8062_2017_to_PRESENT_CURRENT.pdf,https://filestore.aqa.org.uk/resources/rs/specifications/AQA-8062-SP-2016.PDF,2026-06-13,MIGRATED [registry-code] from AQA_GCSE_Religious_Studies_8062_2016_CURRENT.pdf (1404 KB)
AQA,GCSE,,Sociology,8192,2017,PRESENT,CURRENT,AQA_GCSE_Sociology_8192_2017_to_PRESENT_CURRENT.pdf,https://filestore.aqa.org.uk/resources/sociology/specifications/AQA-8192-SP-2017.PDF,2026-06-13,MIGRATED [registry-code] from AQA_GCSE_Sociology_8192_2017_CURRENT.pdf (2014 KB)
AQA,GCSE,,Spanish,8692,2017,PRESENT,CURRENT,AQA_GCSE_Spanish_8692_2017_to_PRESENT_CURRENT.pdf,https://filestore.aqa.org.uk/resources/spanish/specifications/AQA-8692-SP-2024.PDF,2026-06-13,MIGRATED [registry-slot(year)] from AQA_GCSE_Spanish_8692_2024_CURRENT.pdf (1879 KB)
AQA,GCSE,,Spanish,8698,2017,PRESENT,CURRENT,AQA_GCSE_Spanish_8698_2017_to_PRESENT_CURRENT.pdf,https://filestore.aqa.org.uk/resources/spanish/specifications/AQA-8698-SP-2016.PDF,2026-06-13,MIGRATED [registry-code] from AQA_GCSE_Spanish_8698_2016_LEGACY.pdf (1104 KB)
AQA,GCSE,,Statistics,8382,2017,PRESENT,CURRENT,AQA_GCSE_Statistics_8382_2017_to_PRESENT_CURRENT.pdf,https://filestore.aqa.org.uk/resources/mathematics/specifications/AQA-8382-SP-2017.PDF,2026-06-13,MIGRATED [registry-code] from AQA_GCSE_Statistics_8382_2017_CURRENT.pdf (796 KB)
Edexcel,ALEVEL,,Art_and_Design,9AD0,2017,PRESENT,CURRENT,Edexcel_ALEVEL_Art_and_Design_9AD0_2017_to_PRESENT_CURRENT.pdf,https://qualifications.pearson.com/content/dam/pdf/A Level/Art and Design/2015/specification-and-sample-assessment-materials/gce-a-level-art-and-design-specification-issue-4.pdf,2026-06-13,MIGRATED [registry-slot(only)] from EDEXCEL_ALEVEL_Art_and_Design_9AD0_2015_CURRENT.pdf (1198 KB)
Edexcel,ALEVEL,,Biology,9BI0,2017,PRESENT,CURRENT,Edexcel_ALEVEL_Biology_9BI0_2017_to_PRESENT_CURRENT.pdf,https://qualifications.pearson.com/content/dam/pdf/A Level/biology-b/2015/specification-and-sample-assessment-materials/9781446930892-gce2015-a-biob-spec.pdf,2026-06-13,MIGRATED [registry-code] from EDEXCEL_ALEVEL_Biology_9BI0_2015_CURRENT.pdf (850 KB)
Edexcel,ALEVEL,,Biology,8BN01,2008,2016,LEGACY,Edexcel_ALEVEL_Biology_8BN01_2008_to_2016_LEGACY.pdf,https://web.archive.org/web/20080908113400id_/http://www.edexcel.com:80/GCE%20Biology%20%20shared/spec-gce-biology.pdf,2026-06-13,MIGRATED [registry-slot(year)] from EDEXCEL_ALEVEL_Biology_spec-gce-biology_2008_LEGACY.pdf (7608 KB)
Edexcel,ALEVEL,,Business_Studies,9BS0,2017,PRESENT,CURRENT,Edexcel_ALEVEL_Business_Studies_9BS0_2017_to_PRESENT_CURRENT.pdf,https://qualifications.pearson.com/content/dam/pdf/A Level/Business Studies/2015/specification-and-sample-assessment-materials/9781446914694-gce2015-a-bus-web.pdf,2026-06-13,MIGRATED [registry-code] from EDEXCEL_ALEVEL_Business_Studies_9BS0_2015_CURRENT.pdf (561 KB)
Edexcel,ALEVEL,,Business_Studies,8BS01,2008,2016,LEGACY,Edexcel_ALEVEL_Business_Studies_8BS01_2008_to_2016_LEGACY.pdf,https://web.archive.org/web/20081031025536id_/http://www.edexcel.com:80/migrationdocuments/GCE%20New%20GCE/spec-gce-business.pdf,2026-06-13,MIGRATED [registry-slot(year)] from EDEXCEL_ALEVEL_Business_Studies_spec-gce-business_2008_LEGACY.pdf (2408 KB)
Edexcel,ALEVEL,,Chemistry,9CH0,2017,PRESENT,CURRENT,Edexcel_ALEVEL_Chemistry_9CH0_2017_to_PRESENT_CURRENT.pdf,https://qualifications.pearson.com/content/dam/pdf/A Level/Chemistry/2015/Specification and sample assessments/a-level-chemistry-2015-specification.pdf,2026-06-13,MIGRATED [registry-code] from EDEXCEL_ALEVEL_Chemistry_9CH0_2015_CURRENT.pdf (2061 KB)
Edexcel,ALEVEL,,Chemistry,8CH01,2008,2016,LEGACY,Edexcel_ALEVEL_Chemistry_8CH01_2008_to_2016_LEGACY.pdf,https://web.archive.org/web/20080908115925id_/http://www.edexcel.com:80/GCE%20Chemistry%20%20shared/spec-gce-chemistry.pdf,2026-06-13,MIGRATED [registry-slot(year)] from EDEXCEL_ALEVEL_Chemistry_spec-gce-chemistry_2008_LEGACY.pdf (7437 KB)
Edexcel,ALEVEL,,Design_and_Technology,9DT0,2017,PRESENT,CURRENT,Edexcel_ALEVEL_Design_and_Technology_9DT0_2017_to_PRESENT_CURRENT.pdf,https://qualifications.pearson.com/content/dam/pdf/A Level/Design and Technology - Product Design/2017/specification-and-sample-assessments/Pearson_Edexcel_Level_3_GCE_in_Design_and_Technology_Specification_issue2.pdf,2026-06-13,MIGRATED [registry-slot(year)] from EDEXCEL_ALEVEL_Design_and_Technology_9DT0_2017_CURRENT.pdf (834 KB)
Edexcel,ALEVEL,,Drama,9DR0,2017,PRESENT,CURRENT,Edexcel_ALEVEL_Drama_9DR0_2017_to_PRESENT_CURRENT.pdf,https://qualifications.pearson.com/content/dam/pdf/A Level/Drama-and-Theatre/2016/Specification and sample assessments/a-level-drama-spec.pdf,2026-06-13,MIGRATED [registry-code] from EDEXCEL_ALEVEL_Drama_9DR0_2016_CURRENT.pdf (1879 KB)
Edexcel,ALEVEL,,Drama,8DR01,2008,2016,LEGACY,Edexcel_ALEVEL_Drama_8DR01_2008_to_2016_LEGACY.pdf,https://web.archive.org/web/20090521031325id_/http://www.edexcel.com:80/migrationdocuments/GCE%20New%20GCE/spec-gce-drama.pdf,2026-06-13,MIGRATED [registry-slot(year)] from EDEXCEL_ALEVEL_Drama_spec-gce-drama_2009_LEGACY.pdf (2534 KB)
Edexcel,ALEVEL,,Economics,9EC0,2017,PRESENT,CURRENT,Edexcel_ALEVEL_Economics_9EC0_2017_to_PRESENT_CURRENT.pdf,https://qualifications.pearson.com/content/dam/pdf/A Level/Economics/2015/teaching-and-learning-materials/Specification_mapping.pdf,2026-06-13,MIGRATED [registry-code] from EDEXCEL_ALEVEL_Economics_9EC0_2015_CURRENT.pdf (530 KB)
Edexcel,ALEVEL,,Economics,8EC01,2008,2016,LEGACY,Edexcel_ALEVEL_Economics_8EC01_2008_to_2016_LEGACY.pdf,https://web.archive.org/web/20080920211824id_/http://www.edexcel.com:80/GCE%20Economics%20%20shared/spec-gce-economics.pdf,2026-06-13,MIGRATED [registry-slot(year)] from EDEXCEL_ALEVEL_Economics_spec-gce-economics_2008_LEGACY.pdf (4755 KB)
Edexcel,ALEVEL,,English_Language,9EN0,2017,PRESENT,CURRENT,Edexcel_ALEVEL_English_Language_9EN0_2017_to_PRESENT_CURRENT.pdf,https://qualifications.pearson.com/content/dam/pdf/A Level/English Language/2015/Specification and sample assessment/AS-EnglishLanguage-Spec.pdf,2026-06-13,MIGRATED [registry-code] from EDEXCEL_ALEVEL_English_Language_9EN0_2015_CURRENT.pdf (823 KB)
Edexcel,ALEVEL,,English_Literature,9ET0,2017,PRESENT,CURRENT,Edexcel_ALEVEL_English_Literature_9ET0_2017_to_PRESENT_CURRENT.pdf,https://qualifications.pearson.com/content/dam/pdf/A Level/English Literature/2015/Specification and sample assessments/gce2015-a-level-eng-lit-spec.pdf,2026-06-13,MIGRATED [registry-code] from EDEXCEL_ALEVEL_English_Literature_9ET0_2015_CURRENT.pdf (1343 KB)
Edexcel,ALEVEL,,English_Literature,8ET01,2008,2016,LEGACY,Edexcel_ALEVEL_English_Literature_8ET01_2008_to_2016_LEGACY.pdf,https://web.archive.org/web/20080920211848id_/http://www.edexcel.com:80/GCE%20EnglishLit%20%20shared/spec-gce-eng-lit.pdf,2026-06-13,MIGRATED [registry-slot(year)] from EDEXCEL_ALEVEL_English_Literature_spec-gce-eng-lit_2008_LEGACY.pdf (3715 KB)
Edexcel,ALEVEL,,French,9FR0,2017,PRESENT,CURRENT,Edexcel_ALEVEL_French_9FR0_2017_to_PRESENT_CURRENT.pdf,https://qualifications.pearson.com/content/dam/pdf/A Level/French/2016/Specification and sample assessments/Specification_GCE_A_level_L3_in_French.pdf,2026-06-13,MIGRATED [registry-code] from EDEXCEL_ALEVEL_French_9FR0_2016_CURRENT.pdf (794 KB)
Edexcel,ALEVEL,,French,8FR01,2008,2016,LEGACY,Edexcel_ALEVEL_French_8FR01_2008_to_2016_LEGACY.pdf,https://web.archive.org/web/20090521074426id_/http://www.edexcel.com:80/migrationdocuments/GCE%20New%20GCE/spec-gce-french.pdf,2026-06-13,MIGRATED [registry-slot(year)] from EDEXCEL_ALEVEL_French_spec-gce-french_2009_LEGACY.pdf (2476 KB)
Edexcel,ALEVEL,,Further_Mathematics,9FM0,2017,PRESENT,CURRENT,Edexcel_ALEVEL_Further_Mathematics_9FM0_2017_to_PRESENT_CURRENT.pdf,https://qualifications.pearson.com/content/dam/pdf/A Level/Mathematics/2017/specification-and-sample-assesment/a-level-l3-further-mathematics-specification.pdf,2026-06-13,MIGRATED [heuristic] from EDEXCEL_ALEVEL_Further_Mathematics_9FM0_2017_CURRENT.pdf (1301 KB)
Edexcel,ALEVEL,,Geography,9GE0,2017,PRESENT,CURRENT,Edexcel_ALEVEL_Geography_9GE0_2017_to_PRESENT_CURRENT.pdf,https://qualifications.pearson.com/content/dam/pdf/A Level/Geography/2016/specification-and-sample-assessments/pearson-edexcel-a-level-geography-issue-6.pdf,2026-06-13,MIGRATED [registry-code] from EDEXCEL_ALEVEL_Geography_9GE0_2016_CURRENT.pdf (1360 KB)
Edexcel,ALEVEL,,Geography,8GE01,2008,2016,LEGACY,Edexcel_ALEVEL_Geography_8GE01_2008_to_2016_LEGACY.pdf,https://web.archive.org/web/20080920211905id_/http://www.edexcel.com:80/GCE%20Geography%20%20shared/spec-gce-geography.pdf,2026-06-13,MIGRATED [registry-slot(year)] from EDEXCEL_ALEVEL_Geography_spec-gce-geography_2008_LEGACY.pdf (2580 KB)
Edexcel,ALEVEL,,History,9HI0,2017,PRESENT,CURRENT,Edexcel_ALEVEL_History_9HI0_2017_to_PRESENT_CURRENT.pdf,https://qualifications.pearson.com/content/dam/pdf/A Level/History/2015/Specification and sample assessments/9781446914366-gce-2015-a-hist.pdf,2026-06-13,MIGRATED [registry-code] from EDEXCEL_ALEVEL_History_9HI0_2015_CURRENT.pdf (1473 KB)
Edexcel,ALEVEL,,History,8HI01,2008,2016,LEGACY,Edexcel_ALEVEL_History_8HI01_2008_to_2016_LEGACY.pdf,https://web.archive.org/web/20090611224911id_/http://www.edexcel.com:80/migrationdocuments/GCE%20New%20GCE/spec-gce-history.pdf,2026-06-13,MIGRATED [registry-slot(year)] from EDEXCEL_ALEVEL_History_spec-gce-history_2009_LEGACY.pdf (5674 KB)
Edexcel,ALEVEL,,Mathematics,9MA0,2017,PRESENT,CURRENT,Edexcel_ALEVEL_Mathematics_9MA0_2017_to_PRESENT_CURRENT.pdf,https://qualifications.pearson.com/content/dam/pdf/A Level/Mathematics/2017/specification-and-sample-assesment/a-level-l3-mathematics-specification-issue4.pdf,2026-06-13,MIGRATED [registry-code] from EDEXCEL_ALEVEL_Mathematics_9MA0_2017_CURRENT.pdf (1108 KB)
Edexcel,ALEVEL,,Mathematics,9371,2013,2016,LEGACY,Edexcel_ALEVEL_Mathematics_9371_2013_to_2016_LEGACY.pdf,https://web.archive.org/web/20141222133657id_/http://qualifications.pearson.com:80/content/dam/pdf/A%20Level/Mathematics/2013/Specification%20and%20sample%20assessments/UA035243_GCE_Lin_Maths_Issue_3.pdf,2026-06-13,MIGRATED [registry-slot(year)] from EDEXCEL_ALEVEL_Mathematics_UA035243-GCE-Lin-Maths-Issue-3_2014_LEGACY.pdf (3345 KB)
Edexcel,ALEVEL,,Music,9MU0,2017,PRESENT,CURRENT,Edexcel_ALEVEL_Music_9MU0_2017_to_PRESENT_CURRENT.pdf,https://qualifications.pearson.com/content/dam/pdf/A Level/Music/2016/Specification and sample assessments/Pearson_Edexcel_Level_3_Advanced_GCE_in_Music_9MU0_specification_issue7.pdf,2026-06-13,MIGRATED [registry-code] from EDEXCEL_ALEVEL_Music_9MU0_2016_CURRENT.pdf (951 KB)
Edexcel,ALEVEL,,Physical_Education,9PE0,2017,PRESENT,CURRENT,Edexcel_ALEVEL_Physical_Education_9PE0_2017_to_PRESENT_CURRENT.pdf,https://qualifications.pearson.com/content/dam/pdf/A Level/Physical Education/2016/Specification and sample assessments/a-level-pe-specification.pdf,2026-06-13,MIGRATED [registry-code] from EDEXCEL_ALEVEL_Physical_Education_9PE0_2016_CURRENT.pdf (1316 KB)
Edexcel,ALEVEL,,Physics,9PH0,2017,PRESENT,CURRENT,Edexcel_ALEVEL_Physics_9PH0_2017_to_PRESENT_CURRENT.pdf,https://qualifications.pearson.com/content/dam/pdf/A Level/Physics/2015/Specification and sample assessments/pearsonedexcel-alevel-physics-spec.pdf,2026-06-13,MIGRATED [registry-code] from EDEXCEL_ALEVEL_Physics_9PH0_2015_CURRENT.pdf (1319 KB)
Edexcel,ALEVEL,,Physics,8PH01,2008,2016,LEGACY,Edexcel_ALEVEL_Physics_8PH01_2008_to_2016_LEGACY.pdf,https://web.archive.org/web/20090521074506id_/http://www.edexcel.com:80/migrationdocuments/GCE%20New%20GCE/spec-gce-physics.pdf,2026-06-13,MIGRATED [registry-slot(year)] from EDEXCEL_ALEVEL_Physics_spec-gce-physics_2009_LEGACY.pdf (7316 KB)
Edexcel,ALEVEL,,Politics,9PL0,2017,PRESENT,CURRENT,Edexcel_ALEVEL_Politics_9PL0_2017_to_PRESENT_CURRENT.pdf,https://qualifications.pearson.com/content/dam/pdf/A Level/Politics/2017/Specification and sample assessments/Politics_assessment_guidance.pdf,2026-06-13,MIGRATED [registry-code] from EDEXCEL_ALEVEL_Politics_9PL0_2017_CURRENT.pdf (336 KB)
Edexcel,ALEVEL,,Politics,8GP01,2008,2016,LEGACY,Edexcel_ALEVEL_Politics_8GP01_2008_to_2016_LEGACY.pdf,https://web.archive.org/web/20080913082304id_/http://www.edexcel.com:80/GCE%20Gov%20%20Politics%20%20shared/spec-gce-gov-pol.pdf,2026-06-13,MIGRATED [registry-slot(year)] from EDEXCEL_ALEVEL_Politics_spec-gce-gov-pol_2008_LEGACY.pdf (2211 KB)
Edexcel,ALEVEL,,Psychology,9PS0,2017,PRESENT,CURRENT,Edexcel_ALEVEL_Psychology_9PS0_2017_to_PRESENT_CURRENT.pdf,https://qualifications.pearson.com/content/dam/pdf/A Level/Psychology/2015/specification-and-sample-assessments/al-specification-psychology.pdf,2026-06-13,MIGRATED [registry-code] from EDEXCEL_ALEVEL_Psychology_9PS0_2015_CURRENT.pdf (1936 KB)
Edexcel,ALEVEL,,Psychology,8PS01,2008,2016,LEGACY,Edexcel_ALEVEL_Psychology_8PS01_2008_to_2016_LEGACY.pdf,https://web.archive.org/web/20091122141017id_/http://www.edexcel.com:80/migrationdocuments/GCE%20New%20GCE/spec-gce-psychology.pdf,2026-06-13,MIGRATED [registry-slot(year)] from EDEXCEL_ALEVEL_Psychology_spec-gce-psychology_2009_LEGACY.pdf (4131 KB)
Edexcel,ALEVEL,,Religious_Studies,9RS0,2017,PRESENT,CURRENT,Edexcel_ALEVEL_Religious_Studies_9RS0_2017_to_PRESENT_CURRENT.pdf,https://qualifications.pearson.com/content/dam/pdf/A Level/Religious Studies/2016/Specification and sample assessments/Specification_GCE_A_Level_in_Religious_Studies.pdf,2026-06-13,MIGRATED [registry-code] from EDEXCEL_ALEVEL_Religious_Studies_9RS0_2016_CURRENT.pdf (706 KB)
Edexcel,ALEVEL,,Spanish,9SP0,2017,PRESENT,CURRENT,Edexcel_ALEVEL_Spanish_9SP0_2017_to_PRESENT_CURRENT.pdf,https://qualifications.pearson.com/content/dam/pdf/A Level/Spanish/2016/Specification and sample assessments/Specification_GCE_A_level_L3_in_Spanish.pdf,2026-06-13,MIGRATED [registry-code] from EDEXCEL_ALEVEL_Spanish_9SP0_2016_CURRENT.pdf (718 KB)
Edexcel,ALEVEL,,Statistics,9ST0,2017,PRESENT,CURRENT,Edexcel_ALEVEL_Statistics_9ST0_2017_to_PRESENT_CURRENT.pdf,https://qualifications.pearson.com/content/dam/pdf/A Level/statistics/2017/Specification and Sample assessment material/a-level-statistics-specification.pdf,2026-06-13,MIGRATED [heuristic] from EDEXCEL_ALEVEL_Statistics_9ST0_2017_CURRENT.pdf (945 KB)
Edexcel,GCSE,,Art_and_Design,1AD0,2017,PRESENT,CURRENT,Edexcel_GCSE_Art_and_Design_1AD0_2017_to_PRESENT_CURRENT.pdf,https://qualifications.pearson.com/content/dam/pdf/GCSE/Art%20and%20Design/2016/specification-and-sample-assessments/specification-gcse-art-design-2016-spec.pdf,2026-06-13,MIGRATED [heuristic] from EDEXCEL_GCSE_Art_and_Design_1AD0_2016_CURRENT.pdf (951 KB)
Edexcel,GCSE,,Art_and_Design,NA,2011,2016,LEGACY,Edexcel_GCSE_Art_and_Design_NA_2011_to_2016_LEGACY.pdf,https://web.archive.org/web/20110702020309id_/http://www.edexcel.com/migrationdocuments/GCSE%20New%20GCSE/GCSE-in-Art-and-Design-Key-skills-development-suggestions.pdf,2026-06-13,MIGRATED [heuristic] from EDEXCEL_GCSE_Art_and_Design_GCSE-in-Art-and-Design-Key-skills-develo_2011_LEGACY.pdf (1474 KB)
Edexcel,GCSE,,Biology,1BI0,2017,PRESENT,CURRENT,Edexcel_GCSE_Biology_1BI0_2017_to_PRESENT_CURRENT.pdf,https://qualifications.pearson.com/content/dam/pdf/GCSE/Science/2016/Specification/gcse-biology-spec.pdf,2026-06-13,MIGRATED [registry-code] from EDEXCEL_GCSE_Biology_1BI0_2016_CURRENT.pdf (1273 KB)
Edexcel,GCSE,,Biology,2BI01,2012,2016,LEGACY,Edexcel_GCSE_Biology_2BI01_2012_to_2016_LEGACY.pdf,https://web.archive.org/web/20091007214222id_/http://www.edexcel.com:80/migrationdocuments/IGCSE%20New%20IGCSE/IGCSE2009_Biology_(4BI0)_Specification.pdf,2026-06-13,MIGRATED [registry-slot(only)] from EDEXCEL_GCSE_Biology_IGCSE2009-Biology-4BI0-Specification_2009_LEGACY.pdf (1974 KB)
Edexcel,GCSE,,Business_Studies,1BS0,2017,PRESENT,CURRENT,Edexcel_GCSE_Business_Studies_1BS0_2017_to_PRESENT_CURRENT.pdf,https://qualifications.pearson.com/content/dam/pdf/GCSE/Business/2017/specification-and-sample-assessments/gcse-business-spec-2017.pdf,2026-06-13,MIGRATED [registry-code] from EDEXCEL_GCSE_Business_Studies_1BS0_2017_CURRENT.pdf (520 KB)
Edexcel,GCSE,,Business_Studies,2BS01,2012,2016,LEGACY,Edexcel_GCSE_Business_Studies_2BS01_2012_to_2016_LEGACY.pdf,https://web.archive.org/web/20130626020142id_/http://www.edexcel.com:80/migrationdocuments/GCSE%20New%20GCSE/GCSE-in-Business-Subjects-Key-skills-development-suggestions.pdf,2026-06-13,MIGRATED [registry-slot(year)] from EDEXCEL_GCSE_Business_Studies_GCSE-in-Business-Subjects-Key-skills-dev_2013_LEGACY.pdf (2215 KB)
Edexcel,GCSE,,Chemistry,1CH0,2017,PRESENT,CURRENT,Edexcel_GCSE_Chemistry_1CH0_2017_to_PRESENT_CURRENT.pdf,https://qualifications.pearson.com/content/dam/pdf/GCSE/Science/2016/Specification/gcse-chemistry-spec.pdf,2026-06-13,MIGRATED [registry-code] from EDEXCEL_GCSE_Chemistry_1CH0_2016_CURRENT.pdf (2528 KB)
Edexcel,GCSE,,Chemistry,2CH01,2012,2016,LEGACY,Edexcel_GCSE_Chemistry_2CH01_2012_to_2016_LEGACY.pdf,https://web.archive.org/web/20120915073727id_/http://www.edexcel.com/migrationdocuments/IGCSE%20New%20IGCSE/IGCSE-2009-Chemistry-4CH0-Specification-ISSUE-2-March09.pdf,2026-06-13,MIGRATED [registry-slot(year)] from EDEXCEL_GCSE_Chemistry_IGCSE-2009-Chemistry-4CH0-Specification-_2012_LEGACY.pdf (1542 KB)
Edexcel,GCSE,,Computer_Science,1CP2,2017,PRESENT,CURRENT,Edexcel_GCSE_Computer_Science_1CP2_2017_to_PRESENT_CURRENT.pdf,https://qualifications.pearson.com/content/dam/pdf/GCSE/Computer%20Science/2020/specification-and-sample-assessments/GCSE_L1_L2_Computer_Science_2020_Specification.pdf,2026-06-13,MIGRATED [registry-slot(year)] from EDEXCEL_GCSE_Computer_Science_1CP2_2020_CURRENT.pdf (514 KB)
Edexcel,GCSE,,Computer_Science,2CP01,2012,2016,LEGACY,Edexcel_GCSE_Computer_Science_2CP01_2012_to_2016_LEGACY.pdf,https://web.archive.org/web/20130626020510id_/http://www.edexcel.com:80/migrationdocuments/GCSE%20New%20GCSE/Pearson_Edexcel_Level_1-2_GCSE_in_Computer_Science_Specification_v1_with_stamp.pdf,2026-06-13,MIGRATED [registry-slot(year)] from EDEXCEL_GCSE_Computer_Science_Pearson-Edexcel-Level-1-2-GCSE-in-Comput_2013_LEGACY.pdf (258 KB)
Edexcel,GCSE,,Design_and_Technology,1DT0,2017,PRESENT,CURRENT,Edexcel_GCSE_Design_and_Technology_1DT0_2017_to_PRESENT_CURRENT.pdf,https://qualifications.pearson.com/content/dam/pdf/GCSE/design-and-technology/2017/specification-and-sample-assessments/Pearson_Edexcel_GCSE_9_to_1_in_Design_and_Technology_Specification_issue3.pdf,2026-06-13,MIGRATED [heuristic] from EDEXCEL_GCSE_Design_and_Technology_1DT0_2017_CURRENT.pdf (862 KB)
Edexcel,GCSE,,Design_and_Technology,NA,2011,2016,LEGACY,Edexcel_GCSE_Design_and_Technology_NA_2011_to_2016_LEGACY.pdf,https://web.archive.org/web/20110813221954id_/http://www.edexcel.com:80/migrationdocuments/GCSE%20New%20GCSE/GCSE-in-Design-and-Technology-RMT-Key-skills-development-suggestions.pdf,2026-06-13,MIGRATED [heuristic] from EDEXCEL_GCSE_Design_and_Technology_GCSE-in-Design-and-Technology-RMT-Key-sk_2011_LEGACY.pdf (1059 KB)
Edexcel,GCSE,,Drama,1DR0,2017,PRESENT,CURRENT,Edexcel_GCSE_Drama_1DR0_2017_to_PRESENT_CURRENT.pdf,https://qualifications.pearson.com/content/dam/pdf/GCSE/Drama/2016/Specification%20and%20sample%20assessments/gcse2016-l12-drama.pdf,2026-06-13,MIGRATED [heuristic] from EDEXCEL_GCSE_Drama_1DR0_2016_CURRENT.pdf (1505 KB)
Edexcel,GCSE,,Economics,NA,2009,2016,LEGACY,Edexcel_GCSE_Economics_NA_2009_to_2016_LEGACY.pdf,https://web.archive.org/web/20091229160745id_/http://www.edexcel.com:80/migrationdocuments/IGCSE%20New%20IGCSE/IGCSE2009_Economics_(4EC0)_Specification.pdf,2026-06-13,MIGRATED [heuristic] from EDEXCEL_GCSE_Economics_IGCSE2009-Economics-4EC0-Specification_2009_LEGACY.pdf (1839 KB)
Edexcel,GCSE,,English_Language,1EN0,2017,PRESENT,CURRENT,Edexcel_GCSE_English_Language_1EN0_2017_to_PRESENT_CURRENT.pdf,https://qualifications.pearson.com/content/dam/pdf/GCSE/English%20Language/2015/specification-and-sample-assesment/gcse-2015-englang-spec.pdf,2026-06-13,MIGRATED [registry-code] from EDEXCEL_GCSE_English_Language_1EN0_2015_CURRENT.pdf (714 KB)
Edexcel,GCSE,,English_Language,2EN01,2012,2016,LEGACY,Edexcel_GCSE_English_Language_2EN01_2012_to_2016_LEGACY.pdf,https://web.archive.org/web/20130613015901id_/http://www.edexcel.com:80/migrationdocuments/International%20GCSE%20from%202011/UG026701-International-GCSE-Anthology-English-Lang-spec-A-English-Lit-Issue-2-for-web.pdf,2026-06-13,MIGRATED [registry-slot(year)] from EDEXCEL_GCSE_English_Language_UG026701-International-GCSE-Anthology-En_2013_LEGACY.pdf (6976 KB)
Edexcel,GCSE,,English_Literature,1ET0,2017,PRESENT,CURRENT,Edexcel_GCSE_English_Literature_1ET0_2017_to_PRESENT_CURRENT.pdf,https://qualifications.pearson.com/content/dam/pdf/GCSE/English%20Literature/2015/specification-and-sample-assesment/9781446914359_GCSE_2015_L12_Englit.pdf,2026-06-13,MIGRATED [registry-code] from EDEXCEL_GCSE_English_Literature_1ET0_2015_CURRENT.pdf (497 KB)
Edexcel,GCSE,,English_Literature,2ET01,2012,2016,LEGACY,Edexcel_GCSE_English_Literature_2ET01_2012_to_2016_LEGACY.pdf,https://web.archive.org/web/20130613015901id_/http://www.edexcel.com:80/migrationdocuments/International%20GCSE%20from%202011/UG026701-International-GCSE-Anthology-English-Lang-spec-A-English-Lit-Issue-2-for-web.pdf,2026-06-13,MIGRATED [registry-slot(year)] from EDEXCEL_GCSE_English_Literature_UG026701-International-GCSE-Anthology-En_2013_LEGACY.pdf (6976 KB)
Edexcel,GCSE,,French,1FR1,2017,PRESENT,CURRENT,Edexcel_GCSE_French_1FR1_2017_to_PRESENT_CURRENT.pdf,https://qualifications.pearson.com/content/dam/pdf/GCSE/French/2024/specification-and-sample-assessments/gq000023-gcse-french-specification-2024-issue-2.pdf,2026-06-13,MIGRATED [registry-slot(year)] from EDEXCEL_GCSE_French_1FR1_2024_CURRENT.pdf (1127 KB)
Edexcel,GCSE,,Geography,1GA0,2017,PRESENT,CURRENT,Edexcel_GCSE_Geography_1GA0_2017_to_PRESENT_CURRENT.pdf,https://qualifications.pearson.com/content/dam/pdf/GCSE/Geography-A/2016/specification-and-sample-assessments/gcse-2016-l12-geography-a-spec.pdf,2026-06-13,MIGRATED [registry-code] from EDEXCEL_GCSE_Geography_1GA0_2016_CURRENT.pdf (1198 KB)
Edexcel,GCSE,,Geography,2GE01,2012,2016,LEGACY,Edexcel_GCSE_Geography_2GE01_2012_to_2016_LEGACY.pdf,https://web.archive.org/web/20110702002525id_/http://www.edexcel.com/migrationdocuments/GCSE%20New%20GCSE/GCSE-in-Geography-B-Key-skills-development-suggestions.pdf,2026-06-13,MIGRATED [registry-slot(only)] from EDEXCEL_GCSE_Geography_GCSE-in-Geography-B-Key-skills-developme_2011_LEGACY.pdf (3947 KB)
Edexcel,GCSE,,History,1HI0,2017,PRESENT,CURRENT,Edexcel_GCSE_History_1HI0_2017_to_PRESENT_CURRENT.pdf,https://qualifications.pearson.com/content/dam/pdf/GCSE/History/2016/specification-and-sample-assessments/gcse-9-1-history-specification.pdf,2026-06-13,MIGRATED [registry-code] from EDEXCEL_GCSE_History_1HI0_2016_CURRENT.pdf (923 KB)
Edexcel,GCSE,,History,2HI01,2012,2016,LEGACY,Edexcel_GCSE_History_2HI01_2012_to_2016_LEGACY.pdf,https://web.archive.org/web/20110702002746id_/http://www.edexcel.com/migrationdocuments/GCSE%20New%20GCSE/GCSE-in-History-B-2HB01-Key-skills-development-suggestions.pdf,2026-06-13,MIGRATED [registry-slot(only)] from EDEXCEL_GCSE_History_GCSE-in-History-B-2HB01-Key-skills-devel_2011_LEGACY.pdf (4778 KB)
Edexcel,GCSE,,Mathematics,1MA1,2017,PRESENT,CURRENT,Edexcel_GCSE_Mathematics_1MA1_2017_to_PRESENT_CURRENT.pdf,https://qualifications.pearson.com/content/dam/pdf/GCSE/mathematics/2015/specification-and-sample-assesment/gcse-maths-2015-specification.pdf,2026-06-13,MIGRATED [registry-code] from EDEXCEL_GCSE_Mathematics_1MA1_2015_CURRENT.pdf (1040 KB)
Edexcel,GCSE,,Mathematics,1380,2006,2012,LEGACY,Edexcel_GCSE_Mathematics_1380_2006_to_2012_LEGACY.pdf,https://web.archive.org/web/20141222133814id_/http://qualifications.pearson.com:80/content/dam/pdf/GCSE/Mathematics%20A/2010/Specification%20and%20sample%20assessments/UG029981_GCSE_MathsA_Spec_2012.pdf,2026-06-13,MIGRATED [registry-slot(only)] from EDEXCEL_GCSE_Mathematics_UG029981-GCSE-MathsA-Spec-2012_2014_LEGACY.pdf (2617 KB)
Edexcel,GCSE,,Music,1MU0,2017,PRESENT,CURRENT,Edexcel_GCSE_Music_1MU0_2017_to_PRESENT_CURRENT.pdf,https://qualifications.pearson.com/content/dam/pdf/GCSE/Music/2016/specification/Pearson_Edexcel_GCSE_9_to_1_in_Music_Specification_issue4.pdf,2026-06-13,MIGRATED [heuristic] from EDEXCEL_GCSE_Music_1MU0_2016_CURRENT.pdf (814 KB)
Edexcel,GCSE,,Music,NA,2011,2016,LEGACY,Edexcel_GCSE_Music_NA_2011_to_2016_LEGACY.pdf,https://web.archive.org/web/20110702003130id_/http://www.edexcel.com/migrationdocuments/GCSE%20New%20GCSE/GCSE-Music-Spec-issue-2-for-web.pdf,2026-06-13,MIGRATED [heuristic] from EDEXCEL_GCSE_Music_GCSE-Music-Spec-issue-2-for-web_2011_LEGACY.pdf (960 KB)
Edexcel,GCSE,,Physical_Education,1PE0,2017,PRESENT,CURRENT,Edexcel_GCSE_Physical_Education_1PE0_2017_to_PRESENT_CURRENT.pdf,https://qualifications.pearson.com/content/dam/pdf/GCSE/Physical%20Education/2016/Specification%20and%20sample%20assessments/GCSE-physical-education-2016-specification.pdf,2026-06-13,MIGRATED [heuristic] from EDEXCEL_GCSE_Physical_Education_1PE0_2016_CURRENT.pdf (1073 KB)
Edexcel,GCSE,,Physics,1PH0,2017,PRESENT,CURRENT,Edexcel_GCSE_Physics_1PH0_2017_to_PRESENT_CURRENT.pdf,https://qualifications.pearson.com/content/dam/pdf/GCSE/Science/2016/Specification/gcse-physics-spec.pdf,2026-06-13,MIGRATED [registry-code] from EDEXCEL_GCSE_Physics_1PH0_2016_CURRENT.pdf (1219 KB)
Edexcel,GCSE,,Psychology,1PY0,2017,PRESENT,CURRENT,Edexcel_GCSE_Psychology_1PY0_2017_to_PRESENT_CURRENT.pdf,https://qualifications.pearson.com/content/dam/pdf/GCSE/Psychology/2017/Specification%20and%20sample%20assessments/gcse-psychology-specification.pdf,2026-06-13,MIGRATED [heuristic] from EDEXCEL_GCSE_Psychology_1PY0_2017_CURRENT.pdf (602 KB)
Edexcel,GCSE,,Psychology,NA,2013,2016,LEGACY,Edexcel_GCSE_Psychology_NA_2013_to_2016_LEGACY.pdf,https://web.archive.org/web/20130228182602id_/http://www.edexcel.com:80/migrationdocuments/GCSE%20New%20GCSE/GCSE_Psychology_Spec-2012.pdf,2026-06-13,MIGRATED [heuristic] from EDEXCEL_GCSE_Psychology_GCSE-Psychology-Spec-2012_2013_LEGACY.pdf (1480 KB)
Edexcel,GCSE,,Religious_Studies,1RA0,2017,PRESENT,CURRENT,Edexcel_GCSE_Religious_Studies_1RA0_2017_to_PRESENT_CURRENT.pdf,https://qualifications.pearson.com/content/dam/pdf/GCSE/Religious%20Studies/2016/Specification%20and%20sample%20assessments/specification-gcse-l1-l2-religious-studies-a-june-2016-draft-4.pdf,2026-06-13,MIGRATED [registry-slot(only)] from EDEXCEL_GCSE_Religious_Studies_1RA0_2016_CURRENT.pdf (990 KB)
Edexcel,GCSE,,Religious_Studies,1RB0,2012,2016,LEGACY,Edexcel_GCSE_Religious_Studies_1RB0_2012_to_2016_LEGACY.pdf,https://qualifications.pearson.com/content/dam/pdf/GCSE/Religious%20Studies/2016/Specification%20and%20sample%20assessments/specification-gcse-l1-l2-religious-studies-b-june-2016-draft-4.pdf,2026-06-13,MIGRATED [registry-slot(year)] from EDEXCEL_GCSE_Religious_Studies_1RB0_2016_LEGACY.pdf (1514 KB)
Edexcel,GCSE,,Religious_Studies,2RS01,2012,2016,LEGACY,Edexcel_GCSE_Religious_Studies_2RS01_2012_to_2016_LEGACY.pdf,https://web.archive.org/web/20100602044406id_/http://www.edexcel.com:80/migrationdocuments/GCSE%20New%20GCSE/GCSE-Religious-Studies-Spec-issue-2-web-with-covers.pdf,2026-06-13,MIGRATED [registry-slot(only)] from EDEXCEL_GCSE_Religious_Studies_GCSE-Religious-Studies-Spec-issue-2-web-_2010_LEGACY.pdf (7083 KB)
Edexcel,GCSE,,Spanish,1SP1,2017,PRESENT,CURRENT,Edexcel_GCSE_Spanish_1SP1_2017_to_PRESENT_CURRENT.pdf,https://qualifications.pearson.com/content/dam/pdf/GCSE/Spanish/2024/specification-and-sample-assessments/gq000027-gcse-spanish-specification-2024-issue-2.pdf,2026-06-13,MIGRATED [registry-slot(year)] from EDEXCEL_GCSE_Spanish_1SP1_2024_CURRENT.pdf (1218 KB)
Edexcel,GCSE,,Spanish,1SP0,2017,PRESENT,CURRENT,Edexcel_GCSE_Spanish_1SP0_2017_to_PRESENT_CURRENT.pdf,https://qualifications.pearson.com/content/dam/pdf/GCSE/Spanish/2016/specification-and-sample-assessments/Specification-Pearson-Edexcel-Level-1-Level-2-GCSE-9-1-Spanish.pdf,2026-06-13,MIGRATED [registry-code] from EDEXCEL_GCSE_Spanish_1SP0_2016_LEGACY.pdf (1322 KB)
Edexcel,GCSE,,Statistics,1ST0,2017,PRESENT,CURRENT,Edexcel_GCSE_Statistics_1ST0_2017_to_PRESENT_CURRENT.pdf,https://qualifications.pearson.com/content/dam/pdf/GCSE/Statistics/2017/specification-and-sample-assessments/gcse-9-1-statistics-specification.pdf,2026-06-13,MIGRATED [registry-code] from EDEXCEL_GCSE_Statistics_1ST0_2017_CURRENT.pdf (674 KB)
Edexcel,GCSE,,Statistics,NA,2011,2016,LEGACY,Edexcel_GCSE_Statistics_NA_2011_to_2016_LEGACY.pdf,https://web.archive.org/web/20110813231430id_/http://www.edexcel.com:80/migrationdocuments/Current%20GCSE/184890_Statistics_specification.pdf,2026-06-13,MIGRATED [heuristic] from EDEXCEL_GCSE_Statistics_184890-Statistics-specification_2011_LEGACY.pdf (406 KB)
IB,DP,SL_HL,Art_and_Design,NA,2016,PRESENT,CURRENT,IB_DP_Art_and_Design_NA_2016_to_PRESENT_CURRENT.pdf,https://ibo.org/globalassets/new-structure/university-admission/pdfs/subject-guides/visual-arts-guide.pdf,2026-06-13,MIGRATED [ib] from IB_IBDP_Art_and_Design_DP-SL-HL-Visual-Arts_2016_CURRENT.pdf (2657 KB); orig_code=DP SL/HL (Visual Arts)
IB,DP,SL_HL,Biology,NA,2025,PRESENT,CURRENT,IB_DP_Biology_NA_2025_to_PRESENT_CURRENT.pdf,https://ibo.org/globalassets/new-structure/university-admission/pdfs/subject-guides/biology-guide.pdf,2026-06-13,MIGRATED [ib] from IB_IBDP_Biology_DP-SL-HL_2025_CURRENT.pdf (4841 KB); orig_code=DP SL/HL
IB,DP,SL_HL,Business_Studies,NA,2024,PRESENT,CURRENT,IB_DP_Business_Studies_NA_2024_to_PRESENT_CURRENT.pdf,https://ibo.org/globalassets/new-structure/university-admission/pdfs/subject-guides/business-management-guide.pdf,2026-06-13,MIGRATED [ib] from IB_IBDP_Business_Studies_DP-SL-HL-Business-Management_2024_CURRENT.pdf (4781 KB); orig_code=DP SL/HL (Business Management)
IB,DP,SL_HL,Chemistry,NA,2025,PRESENT,CURRENT,IB_DP_Chemistry_NA_2025_to_PRESENT_CURRENT.pdf,https://ibo.org/globalassets/new-structure/university-admission/pdfs/subject-guides/chemistry-guide.pdf,2026-06-13,MIGRATED [ib] from IB_IBDP_Chemistry_DP-SL-HL_2025_CURRENT.pdf (4877 KB); orig_code=DP SL/HL
IB,DP,SL_HL,Computer_Science,NA,2014,PRESENT,CURRENT,IB_DP_Computer_Science_NA_2014_to_PRESENT_CURRENT.pdf,https://ibo.org/globalassets/new-structure/university-admission/pdfs/subject-guides/computer-science-guide.pdf,2026-06-13,MIGRATED [ib] from IB_IBDP_Computer_Science_DP-SL-HL_2014_CURRENT.pdf (1609 KB); orig_code=DP SL/HL
IB,DP,SL_HL,Design_and_Technology,NA,2016,PRESENT,CURRENT,IB_DP_Design_and_Technology_NA_2016_to_PRESENT_CURRENT.pdf,https://www.ibo.org/globalassets/new-structure/programmes/dp/pdfs/design-technology---sl.pdf,2026-06-13,MIGRATED [ib] from IB_IBDP_Design_and_Technology_DP-SL-HL_2016_CURRENT.pdf (613 KB); orig_code=DP SL/HL
IB,DP,SL_HL,Drama,NA,2016,PRESENT,CURRENT,IB_DP_Drama_NA_2016_to_PRESENT_CURRENT.pdf,https://ibo.org/globalassets/new-structure/university-admission/pdfs/subject-guides/theatre-guide.pdf,2026-06-13,MIGRATED [ib] from IB_IBDP_Drama_DP-SL-HL-Theatre_2016_CURRENT.pdf (3506 KB); orig_code=DP SL/HL (Theatre)
IB,DP,SL_HL,Economics,NA,2022,PRESENT,CURRENT,IB_DP_Economics_NA_2022_to_PRESENT_CURRENT.pdf,https://ibo.org/globalassets/new-structure/university-admission/pdfs/subject-guides/economics-guide.pdf,2026-06-13,MIGRATED [ib] from IB_IBDP_Economics_DP-SL-HL_2022_CURRENT.pdf (4634 KB); orig_code=DP SL/HL
IB,DP,SL_HL,English_Language,NA,2021,PRESENT,CURRENT,IB_DP_English_Language_NA_2021_to_PRESENT_CURRENT.pdf,https://ibo.org/globalassets/new-structure/university-admission/pdfs/subject-guides/language-a-language-literature-guide.pdf,2026-06-13,MIGRATED [ib] from IB_IBDP_English_Language_DP-SL-HL-Language-A-Language-and-Literature_2021_CURRENT.pdf (3283 KB); orig_code=DP SL/HL (Language A: Language and Literature)
IB,DP,SL_HL,English_Literature,NA,2021,PRESENT,CURRENT,IB_DP_English_Literature_NA_2021_to_PRESENT_CURRENT.pdf,https://ibo.org/globalassets/new-structure/university-admission/pdfs/subject-guides/language-a-literature-guide.pdf,2026-06-13,MIGRATED [ib] from IB_IBDP_English_Literature_DP-SL-HL-Language-A-Literature_2021_CURRENT.pdf (3278 KB); orig_code=DP SL/HL (Language A: Literature)
IB,DP,SL_HL,French,NA,2020,PRESENT,CURRENT,IB_DP_French_NA_2020_to_PRESENT_CURRENT.pdf,https://ibo.org/globalassets/new-structure/university-admission/pdfs/subject-guides/language-b-guide.pdf,2026-06-13,MIGRATED [ib] from IB_IBDP_French_DP-SL-HL-Language-B_2020_CURRENT.pdf (2914 KB); orig_code=DP SL/HL (Language B)
IB,DP,HL,Further_Mathematics,NA,2014,2020,LEGACY,IB_DP_HL_Further_Mathematics_NA_2014_to_2020_LEGACY.pdf,https://www.cuny.edu/wp-content/uploads/sites/4/page-assets/about/administration/offices/registrar/resources/international-baccalaureate/IB-Further-Mathematics.pdf,2026-06-13,"MIGRATED [ib] from IB_IBDP_Further_Mathematics_DP-HL-Further-Mathematics-discontinued_2014_LEGACY.pdf (1341 KB); orig_code=DP HL (Further Mathematics, discontinued)"
IB,DP,SL_HL,Geography,NA,2019,PRESENT,CURRENT,IB_DP_Geography_NA_2019_to_PRESENT_CURRENT.pdf,https://ibo.org/globalassets/new-structure/university-admission/pdfs/subject-guides/geography-guide.pdf,2026-06-13,MIGRATED [ib] from IB_IBDP_Geography_DP-SL-HL_2019_CURRENT.pdf (2913 KB); orig_code=DP SL/HL
IB,DP,SL_HL,History,NA,2017,PRESENT,CURRENT,IB_DP_History_NA_2017_to_PRESENT_CURRENT.pdf,https://ibo.org/globalassets/new-structure/university-admission/pdfs/subject-guides/history-guide.pdf,2026-06-13,MIGRATED [ib] from IB_IBDP_History_DP-SL-HL_2017_CURRENT.pdf (8392 KB); orig_code=DP SL/HL
IB,DP,AA,Mathematics,NA,2021,PRESENT,CURRENT,IB_DP_Mathematics_AA_NA_2021_to_PRESENT_CURRENT.pdf,https://ibo.org/globalassets/new-structure/university-admission/pdfs/subject-guides/mathematics-analysis-approaches-guide.pdf,2026-06-13,MIGRATED [ib] from IB_IBDP_Mathematics_DP-SL-HL-Analysis-and-Approaches_2021_CURRENT.pdf (4792 KB); orig_code=DP SL/HL (Analysis and Approaches)
IB,DP,SL_HL,Music,NA,2020,PRESENT,CURRENT,IB_DP_Music_NA_2020_to_PRESENT_CURRENT.pdf,https://ibo.org/globalassets/new-structure/university-admission/pdfs/subject-guides/music-guide.pdf,2026-06-13,MIGRATED [ib] from IB_IBDP_Music_DP-SL-HL_2020_CURRENT.pdf (3140 KB); orig_code=DP SL/HL
IB,DP,SL_HL,Physical_Education,NA,2024,PRESENT,CURRENT,IB_DP_Physical_Education_NA_2024_to_PRESENT_CURRENT.pdf,https://ibo.org/globalassets/new-structure/university-admission/pdfs/subject-guides/sports-exercise-health-science-guide.pdf,2026-06-13,"MIGRATED [ib] from IB_IBDP_Physical_Education_DP-SL-HL-Sports-Exercise-and-Health-Science_2024_CURRENT.pdf (3614 KB); orig_code=DP SL/HL (Sports, Exercise and Health Science)"
IB,DP,SL_HL,Physics,NA,2025,PRESENT,CURRENT,IB_DP_Physics_NA_2025_to_PRESENT_CURRENT.pdf,https://ibo.org/globalassets/new-structure/university-admission/pdfs/subject-guides/physics-guide.pdf,2026-06-13,MIGRATED [ib] from IB_IBDP_Physics_DP-SL-HL_2025_CURRENT.pdf (4599 KB); orig_code=DP SL/HL
IB,DP,SL_HL,Politics,NA,2016,PRESENT,CURRENT,IB_DP_Politics_NA_2016_to_PRESENT_CURRENT.pdf,https://ibo.org/globalassets/new-structure/university-admission/pdfs/global-politics-hl-2016-en.pdf,2026-06-13,MIGRATED [ib] from IB_IBDP_Politics_DP-SL-HL-Global-Politics_2016_CURRENT.pdf (843 KB); orig_code=DP SL/HL (Global Politics)
IB,DP,SL_HL,Psychology,NA,2027,PRESENT,CURRENT,IB_DP_Psychology_NA_2027_to_PRESENT_CURRENT.pdf,https://ibo.org/globalassets/new-structure/university-admission/pdfs/subject-guides/psychology-first-assessment-2027-guide-sbs.pdf,2026-06-13,MIGRATED [ib] from IB_IBDP_Psychology_DP-SL-HL_2027_CURRENT.pdf (3241 KB); orig_code=DP SL/HL
IB,DP,SL_HL,Religious_Studies,NA,2011,2011,LEGACY,IB_DP_Religious_Studies_NA_2011_to_2011_LEGACY.pdf,https://www.ibo.org/globalassets/new-structure/programmes/dp/pdfs/3_worldreligionssl.pdf,2026-06-13,"MIGRATED [ib] from IB_IBDP_Religious_Studies_DP-SL-World-Religions-discontinued_2011_LEGACY.pdf (801 KB); orig_code=DP SL (World Religions, discontinued)"
IB,DP,SL_HL,Spanish,NA,2020,PRESENT,CURRENT,IB_DP_Spanish_NA_2020_to_PRESENT_CURRENT.pdf,https://ibo.org/globalassets/new-structure/university-admission/pdfs/subject-guides/language-b-guide.pdf,2026-06-13,MIGRATED [ib] from IB_IBDP_Spanish_DP-SL-HL-Language-B_2020_CURRENT.pdf (2914 KB); orig_code=DP SL/HL (Language B)
OCR,ALEVEL,,Art_and_Design,H600,2017,PRESENT,CURRENT,OCR_ALEVEL_Art_and_Design_H600_2017_to_PRESENT_CURRENT.pdf,https://www.ocr.org.uk/Images/170210-specification-accredited-a-level-gce-art-and-design-h600-h606.pdf,2026-06-13,MIGRATED [registry-code] from OCR_ALEVEL_Art_and_Design_H600_2015_CURRENT.pdf (20638 KB)
OCR,ALEVEL,,Art_and_Design,F610,2009,2016,LEGACY,OCR_ALEVEL_Art_and_Design_F610_2009_to_2016_LEGACY.pdf,https://web.archive.org/web/20140707014136id_/http://ocr.org.uk/Images/170210-specification-draft-a-level-gce-art-and-design-h600-h609.pdf,2026-06-13,MIGRATED [registry-slot(year)] from OCR_ALEVEL_Art_and_Design_170210-specification-draft-a-level-gce-a_2014_LEGACY.pdf (718 KB)
OCR,ALEVEL,A,Biology,H420,2017,PRESENT,CURRENT,OCR_ALEVEL_Biology_A_H420_2017_to_PRESENT_CURRENT_pub2023.pdf,https://www.ocr.org.uk/Images/687834-download-a-level-specification.pdf,2026-06-13,MIGRATED [registry-code] from OCR_ALEVEL_Biology_H420_2023_CURRENT.pdf (31728 KB)
OCR,ALEVEL,A,Biology,F211,2008,2016,LEGACY,OCR_ALEVEL_Biology_A_F211_2008_to_2016_LEGACY.pdf,https://web.archive.org/web/20140831011703id_/http://ocr.org.uk/Images/171714-specification-draft-a-level-biology-b-advancing-biology-h422.pdf,2026-06-13,MIGRATED [registry-slot(year)] from OCR_ALEVEL_Biology_171714-specification-draft-a-level-biolo_2014_LEGACY.pdf (1680 KB)
OCR,ALEVEL,A,Biology,H420,2017,PRESENT,CURRENT,OCR_ALEVEL_Biology_A_H420_2017_to_PRESENT_CURRENT_pub2015.pdf,https://www.ocr.org.uk/Images/171736-download-a-level-specification-final-assessment-2024.pdf,2026-06-13,MIGRATED [registry-code] from OCR_ALEVEL_Biology_H420_2015_LEGACY.pdf (16488 KB)
OCR,ALEVEL,,Business_Studies,H431,2015,PRESENT,CURRENT,OCR_ALEVEL_Business_Studies_H431_2015_to_PRESENT_CURRENT.pdf,https://www.ocr.org.uk/Images/170837-specification-accredited-a-level-gce-business-h431.pdf,2026-06-13,MIGRATED [registry-code] from OCR_ALEVEL_Business_Studies_H431_2015_CURRENT.pdf (17296 KB)
OCR,ALEVEL,,Business_Studies,F291,2009,2016,LEGACY,OCR_ALEVEL_Business_Studies_F291_2009_to_2016_LEGACY.pdf,https://web.archive.org/web/20140707095659id_/http://ocr.org.uk/Images/170843-specification-draft-as-level-gce-business-h031.pdf,2026-06-13,MIGRATED [registry-slot(year)] from OCR_ALEVEL_Business_Studies_170843-specification-draft-as-level-gce-_2014_LEGACY.pdf (562 KB)
OCR,ALEVEL,A,Chemistry,H432,2017,PRESENT,CURRENT,OCR_ALEVEL_Chemistry_A_H432_2017_to_PRESENT_CURRENT.pdf,https://www.ocr.org.uk/Images/171720-specification-accredited-a-level-gce-chemistry-a-h432.pdf,2026-06-13,MIGRATED [registry-code] from OCR_ALEVEL_Chemistry_H432_2015_CURRENT.pdf (20961 KB)
OCR,ALEVEL,A,Chemistry,F321,2008,2016,LEGACY,OCR_ALEVEL_Chemistry_A_F321_2008_to_2016_LEGACY.pdf,https://web.archive.org/web/20141222090910id_/http://www.ocr.org.uk:80/Images/171754-specification-draft-as-level-gce-chemistry-b-salters-h033.pdf,2026-06-13,MIGRATED [registry-slot(year)] from OCR_ALEVEL_Chemistry_171754-specification-draft-as-level-gce-_2014_LEGACY.pdf (1067 KB)
OCR,ALEVEL,,Computer_Science,H446,2016,PRESENT,CURRENT,OCR_ALEVEL_Computer_Science_H446_2016_to_PRESENT_CURRENT.pdf,https://www.ocr.org.uk/Images/170844-specification-accredited-a-level-gce-computer-science-h446.pdf,2026-06-13,MIGRATED [registry-code] from OCR_ALEVEL_Computer_Science_H446_2015_CURRENT.pdf (18189 KB)
OCR,ALEVEL,,Computer_Science,F452,2012,2016,LEGACY,OCR_ALEVEL_Computer_Science_F452_2012_to_2016_LEGACY.pdf,https://web.archive.org/web/20140707052527id_/http://ocr.org.uk/Images/170844-specification-draft-a-level-gce-computer-science-h446.pdf,2026-06-13,MIGRATED [registry-slot(year)] from OCR_ALEVEL_Computer_Science_170844-specification-draft-a-level-gce-c_2014_LEGACY.pdf (1279 KB)
OCR,ALEVEL,,Design_and_Technology,H404-H406,2017,PRESENT,CURRENT,OCR_ALEVEL_Design_and_Technology_H404-H406_2017_to_PRESENT_CURRENT.pdf,https://www.ocr.org.uk/Images/304609-specification-accredited-a-level-gce-design-and-technology-h404-h406.pdf,2026-06-13,MIGRATED [registry-slot(year)] from OCR_ALEVEL_Design_and_Technology_H404-H406_2017_CURRENT.pdf (13199 KB)
OCR,ALEVEL,,Drama,H459,2016,PRESENT,CURRENT,OCR_ALEVEL_Drama_H459_2016_to_PRESENT_CURRENT.pdf,https://www.ocr.org.uk/Images/242650-specification-accredited-a-level-gce-drama-and-theatre-h459.pdf,2026-06-13,MIGRATED [registry-code] from OCR_ALEVEL_Drama_H459_2016_CURRENT.pdf (2063 KB)
OCR,ALEVEL,,Economics,H460,2015,PRESENT,CURRENT,OCR_ALEVEL_Economics_H460_2015_to_PRESENT_CURRENT.pdf,https://www.ocr.org.uk/Images/536455-specification-accredited-a-level-gce-economics-h460.pdf,2026-06-13,MIGRATED [registry-code] from OCR_ALEVEL_Economics_H460_2019_CURRENT.pdf (6279 KB)
OCR,ALEVEL,,Economics,F581,2008,2016,LEGACY,OCR_ALEVEL_Economics_F581_2008_to_2016_LEGACY.pdf,https://web.archive.org/web/20140707013221id_/http://ocr.org.uk/Images/170846-specification-draft-as-level-gce-economics-h060.pdf,2026-06-13,MIGRATED [registry-slot(year)] from OCR_ALEVEL_Economics_170846-specification-draft-as-level-gce-_2014_LEGACY.pdf (808 KB)
OCR,ALEVEL,,English_Language,H470,2015,PRESENT,CURRENT,OCR_ALEVEL_English_Language_H470_2015_to_PRESENT_CURRENT.pdf,https://www.ocr.org.uk/Images/171195-specification-accredited-a-level-gce-english-language-h470.pdf,2026-06-13,MIGRATED [registry-code] from OCR_ALEVEL_English_Language_H470_2015_CURRENT.pdf (10947 KB)
OCR,ALEVEL,,English_Language,F651,2008,2016,LEGACY,OCR_ALEVEL_English_Language_F651_2008_to_2016_LEGACY.pdf,https://web.archive.org/web/20140707092019id_/http://ocr.org.uk/Images/171195-specification-draft-a-level-gce-english-language-h470.pdf,2026-06-13,MIGRATED [registry-slot(year)] from OCR_ALEVEL_English_Language_171195-specification-draft-a-level-gce-e_2014_LEGACY.pdf (968 KB)
OCR,ALEVEL,,English_Literature,H472,2015,PRESENT,CURRENT,OCR_ALEVEL_English_Literature_H472_2015_to_PRESENT_CURRENT.pdf,https://www.ocr.org.uk/Images/171200-specification-accredited-a-level-gce-english-literature-h472.pdf,2026-06-13,MIGRATED [registry-code] from OCR_ALEVEL_English_Literature_H472_2015_CURRENT.pdf (11075 KB)
OCR,ALEVEL,,English_Literature,F661,2008,2016,LEGACY,OCR_ALEVEL_English_Literature_F661_2008_to_2016_LEGACY.pdf,https://web.archive.org/web/20140707055856id_/http://ocr.org.uk/Images/171200-specification-draft-a-level-gce-english-literature-h472.pdf,2026-06-13,MIGRATED [registry-slot(year)] from OCR_ALEVEL_English_Literature_171200-specification-draft-a-level-gce-e_2014_LEGACY.pdf (1011 KB)
OCR,ALEVEL,,Further_Mathematics,H245,2017,PRESENT,CURRENT,OCR_ALEVEL_Further_Mathematics_H245_2017_to_PRESENT_CURRENT.pdf,https://www.ocr.org.uk/Images/308752-specification-accredited-a-level-gce-further-mathematics-a-h245.pdf,2026-06-13,MIGRATED [registry-code] from OCR_ALEVEL_Further_Mathematics_H245_2017_CURRENT.pdf (2918 KB)
OCR,ALEVEL,,Geography,H481,2016,PRESENT,CURRENT,OCR_ALEVEL_Geography_H481_2016_to_PRESENT_CURRENT.pdf,https://www.ocr.org.uk/Images/223012-specification-accredited-a-level-gce-geography-h481.pdf,2026-06-13,MIGRATED [registry-code] from OCR_ALEVEL_Geography_H481_2016_CURRENT.pdf (2477 KB)
OCR,ALEVEL,,Geography,F761,2008,2016,LEGACY,OCR_ALEVEL_Geography_F761_2008_to_2016_LEGACY.pdf,https://web.archive.org/web/20081031072859id_/http://www.ocr.org.uk:80/Data/publications/key_documents/AS_ALevel_GCE_Geography_Specification.pdf,2026-06-13,MIGRATED [registry-slot(year)] from OCR_ALEVEL_Geography_AS-ALevel-GCE-Geography-Specification_2008_LEGACY.pdf (694 KB)
OCR,ALEVEL,,History,H505,2015,PRESENT,CURRENT,OCR_ALEVEL_History_H505_2015_to_PRESENT_CURRENT.pdf,https://www.ocr.org.uk/Images/170128-specification-accredited-a-level-gce-history-a-h505.pdf,2026-06-13,MIGRATED [registry-slot(year)] from OCR_ALEVEL_History_H505_2015_CURRENT.pdf (31942 KB)
OCR,ALEVEL,,History,F961,2008,2016,LEGACY,OCR_ALEVEL_History_F961_2008_to_2016_LEGACY.pdf,https://web.archive.org/web/20141222114629id_/http://www.ocr.org.uk:80/Images/170128-specification-accredited-a-level-gce-history-a-h505.pdf,2026-06-13,MIGRATED [registry-slot(year)] from OCR_ALEVEL_History_170128-specification-accredited-a-level-_2014_LEGACY.pdf (4700 KB)
OCR,ALEVEL,A,Mathematics,H240,2017,PRESENT,CURRENT,OCR_ALEVEL_Mathematics_A_H240_2017_to_PRESENT_CURRENT.pdf,https://www.ocr.org.uk/Images/308723-specification-accredited-a-level-gce-mathematics-a-h240.pdf,2026-06-13,MIGRATED [registry-code] from OCR_ALEVEL_Mathematics_H240_2017_CURRENT.pdf (2313 KB)
OCR,ALEVEL,,Media_Studies,H409,2017,PRESENT,CURRENT,OCR_ALEVEL_Media_Studies_H409_2017_to_PRESENT_CURRENT.pdf,https://www.ocr.org.uk/Images/687703-specification-accredited-a-level-gce-media-studies-h409.pdf,2026-06-13,MIGRATED [registry-code] from OCR_ALEVEL_Media_Studies_H409_2023_CURRENT.pdf (4802 KB)
OCR,ALEVEL,,Music,H543,2016,PRESENT,CURRENT,OCR_ALEVEL_Music_H543_2016_to_PRESENT_CURRENT.pdf,https://www.ocr.org.uk/Images/219397-specification-accredited-a-level-gce-music-h543.pdf,2026-06-13,MIGRATED [registry-code] from OCR_ALEVEL_Music_H543_2016_CURRENT.pdf (1045 KB)
OCR,ALEVEL,,Music,F661M,2009,2016,LEGACY,OCR_ALEVEL_Music_F661M_2009_to_2016_LEGACY.pdf,https://web.archive.org/web/20090612090845id_/http://www.ocr.org.uk:80/Data/publications/key_documents/AS_ALevel_GCE_Music_Specification.pdf,2026-06-13,MIGRATED [registry-slot(year)] from OCR_ALEVEL_Music_AS-ALevel-GCE-Music-Specification_2009_LEGACY.pdf (984 KB)
OCR,ALEVEL,,Physical_Education,H555,2016,PRESENT,CURRENT,OCR_ALEVEL_Physical_Education_H555_2016_to_PRESENT_CURRENT.pdf,https://www.ocr.org.uk/Images/234833-specification-accredited-a-level-gce-physical-education-h555.pdf,2026-06-13,MIGRATED [registry-code] from OCR_ALEVEL_Physical_Education_H555_2016_CURRENT.pdf (1641 KB)
OCR,ALEVEL,,Physics,H556,2015,PRESENT,CURRENT,OCR_ALEVEL_Physics_H556_2015_to_PRESENT_CURRENT.pdf,https://www.ocr.org.uk/Images/171726-specification-accredited-a-level-gce-physics-a-h556.pdf,2026-06-13,MIGRATED [heuristic] from OCR_ALEVEL_Physics_H556_2015_CURRENT.pdf (16984 KB)
OCR,ALEVEL,A,Physics,F321P,2008,2016,LEGACY,OCR_ALEVEL_Physics_A_F321P_2008_to_2016_LEGACY.pdf,https://web.archive.org/web/20140817100027id_/http://ocr.org.uk/Images/171726-specification-draft-a-level-gce-physics-a-h556.pdf,2026-06-13,MIGRATED [registry-slot(year)] from OCR_ALEVEL_Physics_171726-specification-draft-a-level-gce-p_2014_LEGACY.pdf (2877 KB)
OCR,ALEVEL,,Psychology,H567,2015,PRESENT,CURRENT,OCR_ALEVEL_Psychology_H567_2015_to_PRESENT_CURRENT.pdf,https://www.ocr.org.uk/Images/171732-specification-accredited-a-level-gce-psychology-h567.pdf,2026-06-13,MIGRATED [registry-code] from OCR_ALEVEL_Psychology_H567_2015_CURRENT.pdf (10833 KB)
OCR,ALEVEL,,Psychology,F221,2008,2016,LEGACY,OCR_ALEVEL_Psychology_F221_2008_to_2016_LEGACY.pdf,https://web.archive.org/web/20140728014744id_/http://www.ocr.org.uk/Images/171732-specification-draft-a-level-gce-psychology-h567.pdf,2026-06-13,MIGRATED [registry-slot(year)] from OCR_ALEVEL_Psychology_171732-specification-draft-a-level-gce-p_2014_LEGACY.pdf (886 KB)
OCR,ALEVEL,,Religious_Studies,H573,2016,PRESENT,CURRENT,OCR_ALEVEL_Religious_Studies_H573_2016_to_PRESENT_CURRENT.pdf,https://www.ocr.org.uk/Images/242913-specification-accredited-a-level-gce-religious-studies-h573.pdf,2026-06-13,MIGRATED [registry-code] from OCR_ALEVEL_Religious_Studies_H573_2016_CURRENT.pdf (1241 KB)
OCR,ALEVEL,,Religious_Studies,G571,2009,2016,LEGACY,OCR_ALEVEL_Religious_Studies_G571_2009_to_2016_LEGACY.pdf,https://web.archive.org/web/20080913064452id_/http://www.ocr.org.uk:80/Data/publications/key_documents/A_Level_GCE_Religious_Studies_Specification.pdf,2026-06-13,MIGRATED [registry-slot(only)] from OCR_ALEVEL_Religious_Studies_A-Level-GCE-Religious-Studies-Specificat_2008_LEGACY.pdf (947 KB)
OCR,ALEVEL,,Sociology,H580,2015,PRESENT,CURRENT,OCR_ALEVEL_Sociology_H580_2015_to_PRESENT_CURRENT.pdf,https://www.ocr.org.uk/Images/170212-specification-accredited-a-level-gce-sociology.pdf,2026-06-13,MIGRATED [registry-code] from OCR_ALEVEL_Sociology_H580_2015_CURRENT.pdf (13387 KB)
OCR,ALEVEL,,Sociology,F671,2008,2016,LEGACY,OCR_ALEVEL_Sociology_F671_2008_to_2016_LEGACY.pdf,https://web.archive.org/web/20140707005731id_/http://ocr.org.uk/Images/170213-specification-draft-as-level-gce-sociology-h180.pdf,2026-06-13,MIGRATED [registry-slot(year)] from OCR_ALEVEL_Sociology_170213-specification-draft-as-level-gce-_2014_LEGACY.pdf (512 KB)
OCR,GCSE,,Art_and_Design,J170-J176,2017,PRESENT,CURRENT,OCR_GCSE_Art_and_Design_J170-J176_2017_to_PRESENT_CURRENT.pdf,https://www.ocr.org.uk/Images/220463-specification-accredited-gcse-art-and-design-j170-j176.pdf,2026-06-13,MIGRATED [registry-slot(only)] from OCR_GCSE_Art_and_Design_J170-J176_2016_CURRENT.pdf (2063 KB)
OCR,GCSE,B,Biology,J257,2017,PRESENT,CURRENT,OCR_GCSE_Biology_B_J257_2017_to_PRESENT_CURRENT.pdf,https://www.ocr.org.uk/Images/234595-specification-accredited-gcse-twenty-first-century-science-suite-biology-b-j257.pdf,2026-06-13,MIGRATED [registry-code] from OCR_GCSE_Biology_J257_2016_CURRENT.pdf (1257 KB)
OCR,GCSE,,Biology,NA,2009,2016,LEGACY,OCR_GCSE_Biology_NA_2009_to_2016_LEGACY.pdf,https://web.archive.org/web/20090617035502id_/http://www.ocr.org.uk:80/Data/publications/key_documents/GCSE_Biology_A_J633_Specification.pdf,2026-06-13,MIGRATED [heuristic] from OCR_GCSE_Biology_GCSE-Biology-A-J633-Specification_2009_LEGACY.pdf (353 KB)
OCR,GCSE,,Business_Studies,J204,2017,PRESENT,CURRENT,OCR_GCSE_Business_Studies_J204_2017_to_PRESENT_CURRENT.pdf,https://www.ocr.org.uk/Images/304213-specification-accredited-gcse-business-j204.pdf,2026-06-13,MIGRATED [registry-code] from OCR_GCSE_Business_Studies_J204_2017_CURRENT.pdf (4731 KB)
OCR,GCSE,B,Chemistry,J258,2017,PRESENT,CURRENT,OCR_GCSE_Chemistry_B_J258_2017_to_PRESENT_CURRENT.pdf,https://www.ocr.org.uk/Images/234599-specification-accredited-gcse-twenty-first-century-science-suite-chemistry-b-j258.pdf,2026-06-13,MIGRATED [registry-code] from OCR_GCSE_Chemistry_J258_2016_CURRENT.pdf (1784 KB)
OCR,GCSE,,Chemistry,NA,2009,2016,LEGACY,OCR_GCSE_Chemistry_NA_2009_to_2016_LEGACY.pdf,https://web.archive.org/web/20090521035156id_/http://www.ocr.org.uk:80/Data/publications/key_documents/GCSE_TFC_Chemistry_A_Specification.pdf,2026-06-13,MIGRATED [heuristic] from OCR_GCSE_Chemistry_GCSE-TFC-Chemistry-A-Specification_2009_LEGACY.pdf (584 KB)
OCR,GCSE,,Computer_Science,J277,2020,PRESENT,CURRENT,OCR_GCSE_Computer_Science_J277_2020_to_PRESENT_CURRENT.pdf,https://www.ocr.org.uk/Images/558027-specification-gcse-computer-science-j277.pdf,2026-06-13,MIGRATED [registry-code] from OCR_GCSE_Computer_Science_J277_2020_CURRENT.pdf (2361 KB)
OCR,GCSE,,Design_and_Technology,J310,2017,PRESENT,CURRENT,OCR_GCSE_Design_and_Technology_J310_2017_to_PRESENT_CURRENT.pdf,https://www.ocr.org.uk/Images/304658-specification-accredited-gcse-design-and-technology-j310.pdf,2026-06-13,MIGRATED [registry-code] from OCR_GCSE_Design_and_Technology_J310_2017_CURRENT.pdf (3788 KB)
OCR,GCSE,,Design_and_Technology,NA,2014,2016,LEGACY,OCR_GCSE_Design_and_Technology_NA_2014_to_2016_LEGACY.pdf,https://web.archive.org/web/20140617052003id_/http://www.ocr.org.uk:80/Images/71476-gcse-design-and-technology-2009-specifications-showcase-interactive.pdf,2026-06-13,MIGRATED [heuristic] from OCR_GCSE_Design_and_Technology_71476-gcse-design-and-technology-2009-sp_2014_LEGACY.pdf (1553 KB)
OCR,GCSE,,Drama,J316,2017,PRESENT,CURRENT,OCR_GCSE_Drama_J316_2017_to_PRESENT_CURRENT.pdf,https://www.ocr.org.uk/Images/242630-specification-accredited-gcse-drama-j316.pdf,2026-06-13,MIGRATED [registry-code] from OCR_GCSE_Drama_J316_2016_CURRENT.pdf (6675 KB)
OCR,GCSE,,Economics,J205,2017,PRESENT,CURRENT,OCR_GCSE_Economics_J205_2017_to_PRESENT_CURRENT.pdf,https://www.ocr.org.uk/Images/306377-specification-accredited-gcse-economics-j205.pdf,2026-06-13,MIGRATED [heuristic] from OCR_GCSE_Economics_J205_2017_CURRENT.pdf (1129 KB)
OCR,GCSE,,Economics,NA,2008,2016,LEGACY,OCR_GCSE_Economics_NA_2008_to_2016_LEGACY.pdf,https://web.archive.org/web/20081031115912id_/http://www.ocr.org.uk:80/Data/publications/key_documents/L_GCSE_Economics_Specification.pdf,2026-06-13,MIGRATED [heuristic] from OCR_GCSE_Economics_L-GCSE-Economics-Specification_2008_LEGACY.pdf (119 KB)
OCR,GCSE,,English_Language,J351,2015,PRESENT,CURRENT,OCR_GCSE_English_Language_J351_2015_to_PRESENT_CURRENT.pdf,https://www.ocr.org.uk/Images/168996-specification-accredited-gcse-english-language-j351.pdf,2026-06-13,MIGRATED [registry-code] from OCR_GCSE_English_Language_J351_2015_CURRENT.pdf (9491 KB)
OCR,GCSE,,English_Language,NA,2014,2016,LEGACY,OCR_GCSE_English_Language_NA_2014_to_2016_LEGACY.pdf,https://web.archive.org/web/20140707035454id_/http://ocr.org.uk/Images/168996-specification-draft-gcse-english-language-j351.pdf,2026-06-13,MIGRATED [heuristic] from OCR_GCSE_English_Language_168996-specification-draft-gcse-english-_2014_LEGACY.pdf (390 KB)
OCR,GCSE,,English_Literature,J352,2015,PRESENT,CURRENT,OCR_GCSE_English_Literature_J352_2015_to_PRESENT_CURRENT.pdf,https://www.ocr.org.uk/Images/168995-specification-accredited-gcse-english-literature-j352.pdf,2026-06-13,MIGRATED [registry-code] from OCR_GCSE_English_Literature_J352_2015_CURRENT.pdf (5636 KB)
OCR,GCSE,,English_Literature,NA,2014,2016,LEGACY,OCR_GCSE_English_Literature_NA_2014_to_2016_LEGACY.pdf,https://web.archive.org/web/20141222021252id_/http://www.ocr.org.uk:80/Images/168995-specification-accredited-gcse-english-literature-j352.pdf,2026-06-13,MIGRATED [heuristic] from OCR_GCSE_English_Literature_168995-specification-accredited-gcse-eng_2014_LEGACY.pdf (2309 KB)
OCR,GCSE,A,Geography,J383,2016,PRESENT,CURRENT,OCR_GCSE_Geography_A_J383_2016_to_PRESENT_CURRENT.pdf,https://www.ocr.org.uk/Images/207306-specification-accredited-gcse-geography-a-j383.pdf,2026-06-13,MIGRATED [registry-code] from OCR_GCSE_Geography_J383_2016_CURRENT.pdf (12760 KB)
OCR,GCSE,A,History,J410,2016,PRESENT,CURRENT,OCR_GCSE_History_A_J410_2016_to_PRESENT_CURRENT.pdf,https://www.ocr.org.uk/Images/207163-specification-accredited-gcse-history-a-first-teaching-2019-with-first-assessment-2021-j410.pdf,2026-06-13,MIGRATED [registry-code] from OCR_GCSE_History_J410_2016_CURRENT.pdf (2879 KB)
OCR,GCSE,A,Mathematics,J560,2015,PRESENT,CURRENT,OCR_GCSE_Mathematics_A_J560_2015_to_PRESENT_CURRENT.pdf,https://www.ocr.org.uk/Images/168982-specification-gcse-mathematics.pdf,2026-06-13,MIGRATED [registry-code] from OCR_GCSE_Mathematics_J560_2015_CURRENT.pdf (24852 KB)
OCR,GCSE,B,Mathematics,J567,2012,2016,LEGACY,OCR_GCSE_Mathematics_B_J567_2012_to_2016_LEGACY.pdf,https://web.archive.org/web/20141225225504id_/http://www.ocr.org.uk:80/Images/168982-specification-gcse-mathematics-j560.pdf,2026-06-13,MIGRATED [registry-slot(year)] from OCR_GCSE_Mathematics_168982-specification-gcse-mathematics-j5_2014_LEGACY.pdf (2049 KB)
OCR,GCSE,,Media_Studies,J200,2017,PRESENT,CURRENT,OCR_GCSE_Media_Studies_J200_2017_to_PRESENT_CURRENT.pdf,https://www.ocr.org.uk/Images/687701-specification-accredited-gcse-media-studies-j200.pdf,2026-06-13,MIGRATED [registry-code] from OCR_GCSE_Media_Studies_J200_2023_CURRENT.pdf (2991 KB)
OCR,GCSE,,Music,J536,2016,PRESENT,CURRENT,OCR_GCSE_Music_J536_2016_to_PRESENT_CURRENT.pdf,https://www.ocr.org.uk/Images/219378-specification-accredited-gcse-music-j536.pdf,2026-06-13,MIGRATED [registry-code] from OCR_GCSE_Music_J536_2016_CURRENT.pdf (2283 KB)
OCR,GCSE,,Music,NA,2006,2016,LEGACY,OCR_GCSE_Music_NA_2006_to_2016_LEGACY.pdf,https://web.archive.org/web/20060117171525id_/http://www.ocr.org.uk:80/OCR/WebSite/Data/Publication/Specifications%2c%20Syllabuses%20%26%20Tutors%20Handbooks/GCSE_Music4005.pdf,2026-06-13,MIGRATED [heuristic] from OCR_GCSE_Music_GCSE-Music4005_2006_LEGACY.pdf (172 KB)
OCR,GCSE,,Physical_Education,J587,2017,PRESENT,CURRENT,OCR_GCSE_Physical_Education_J587_2017_to_PRESENT_CURRENT.pdf,https://www.ocr.org.uk/Images/234822-specification-accredited-gcse-physical-education-j587.pdf,2026-06-13,MIGRATED [registry-code] from OCR_GCSE_Physical_Education_J587_2016_CURRENT.pdf (2727 KB)
OCR,GCSE,B,Physics,J259,2017,PRESENT,CURRENT,OCR_GCSE_Physics_B_J259_2017_to_PRESENT_CURRENT.pdf,https://www.ocr.org.uk/Images/234601-specification-accredited-gcse-twenty-first-century-science-suite-physics-b-j259.pdf,2026-06-13,MIGRATED [registry-code] from OCR_GCSE_Physics_J259_2016_CURRENT.pdf (2712 KB)
OCR,GCSE,,Psychology,J203,2017,PRESENT,CURRENT,OCR_GCSE_Psychology_J203_2017_to_PRESENT_CURRENT.pdf,https://www.ocr.org.uk/Images/309306-specification-accredited-gcse-psychology-j203.pdf,2026-06-13,MIGRATED [registry-code] from OCR_GCSE_Psychology_J203_2017_CURRENT.pdf (2303 KB)
OCR,GCSE,,Psychology,NA,2008,2016,LEGACY,OCR_GCSE_Psychology_NA_2008_to_2016_LEGACY.pdf,https://web.archive.org/web/20081031040255id_/http://www.ocr.org.uk:80/Data/publications/key_documents/L_GCSE_Psychology_Specification.pdf,2026-06-13,MIGRATED [heuristic] from OCR_GCSE_Psychology_L-GCSE-Psychology-Specification_2008_LEGACY.pdf (736 KB)
OCR,GCSE,,Religious_Studies,J625,2016,PRESENT,CURRENT,OCR_GCSE_Religious_Studies_J625_2016_to_PRESENT_CURRENT.pdf,https://www.ocr.org.uk/Images/240547-specification-accredited-gcse-religious-studies-j625.pdf,2026-06-13,MIGRATED [registry-code] from OCR_GCSE_Religious_Studies_J625_2016_CURRENT.pdf (1356 KB)
AQA,GCSE,,Mathematics,3301,2005,2011,LEGACY,,,2026-06-13,"NOT_OFFERED: NOT_OFFERED: Intermediate tier specification (linear) for GCSE Mathematics, assessed grades B-E. Superseded by specification 8300. No official PDF found on current AQA filestore."
AQA,GCSE,,Mathematics,4360,2010,2016,LEGACY,,https://allaboutmaths.aqa.org.uk/401,2026-06-13,NOT_OFFERED: NOT_OFFERED: Unitised (modular) GCSE Mathematics specification with final assessments in autumn 2016. Superseded by linear specification 8300. Specification PDF not available on filestore; resources available via AQA All About Maths website.
AQA,ALEVEL,,Mathematics,5361,2005,2016,LEGACY,,,2026-06-13,NOT_OFFERED: NOT_OFFERED: Superseded by specification 6360 and later 7357 (2017 onwards). Modular A-level Mathematics with mechanics. Official specification PDF not located on current AQA filestore.
AQA,ELC,,Mathematics,5930,2017,PRESENT,CURRENT,AQA_ELC_Mathematics_5930_2017_to_PRESENT_CURRENT.pdf,https://filestore.aqa.org.uk/resources/mathematics/specifications/AQA-5930-SP-2015.PDF,2026-06-13,OK (783 KB)
Edexcel,ALEVEL,,Mathematics,8371,2005,2012,LEGACY,Edexcel_ALEVEL_Mathematics_8371_2005_to_2012_LEGACY.pdf,https://qualifications.pearson.com/content/dam/pdf/A%20Level/Mathematics/2013/UA037290_GCE_GS_Maths_Issue_2.pdf,2026-06-13,OK (1232 KB)
Edexcel,IGCSE,Modular,Mathematics,4400,2005,2012,LEGACY,,,2026-06-13,"NOT_OFFERED: NOT_OFFERED: Specification code 4400 is legacy modular IGCSE from 2003-2009 era; only exam papers and mark schemes found (2006-2010), no specification PDF located on Pearson site"
Edexcel,IGCSE,Modular,Mathematics,4MA0,2011,2016,LEGACY,Edexcel_IGCSE_Mathematics_4MA0_2011_to_2016_LEGACY.pdf,https://qualifications.pearson.com/content/dam/pdf/International%20GCSE/Mathematics%20A/2009/Specification%20and%20sample%20assessments/UG022527-International-GCSE-in-Mathematics-Spec-A-for-web.pdf,2026-06-13,OK (792 KB)
Edexcel,IGCSE,Linear,Mathematics,4MA1,2016,PRESENT,CURRENT,Edexcel_IGCSE_Mathematics_4MA1_2016_to_PRESENT_CURRENT.pdf,https://qualifications.pearson.com/content/dam/pdf/International%20GCSE/Mathematics%20A/2016/Specification%20and%20sample%20assessments/international-gcse-in-mathematics-spec-a.pdf,2026-06-13,OK (1498 KB)
Edexcel,IAL,,Mathematics,WMA01,2013,2018,LEGACY,Edexcel_IAL_Mathematics_WMA01_2013_to_2018_LEGACY.pdf,https://qualifications.pearson.com/content/dam/pdf/International%20Advanced%20Level/Mathematics/2013/Specification%20and%20sample%20assessments/9781446925201_IAL_Maths_Iss3.pdf,2026-06-13,OK (2517 KB)
Edexcel,IAL,,Mathematics,WMA11,2018,PRESENT,CURRENT,Edexcel_IAL_Mathematics_WMA11_2018_to_PRESENT_CURRENT.pdf,https://qualifications.pearson.com/content/dam/pdf/International%20Advanced%20Level/Mathematics/2018/Specification-and-Sample-Assessment/international-a-level-maths-spec.pdf,2026-06-13,OK (2381 KB)
Edexcel,IPRIMARY,,Mathematics,JMA11,2018,PRESENT,CURRENT,Edexcel_IPRIMARY_Mathematics_JMA11_2018_to_PRESENT_CURRENT.pdf,https://qualifications.pearson.com/content/dam/pdf/International-Primary-Curriculum/Mathematics/2018/SpecificationandSampleAssessments/iprimary-awd-maths.pdf,2026-06-13,OK (386 KB)
Edexcel,ILOWERSEC,,Mathematics,LMA11,2018,PRESENT,CURRENT,Edexcel_ILOWERSEC_Mathematics_LMA11_2018_to_PRESENT_CURRENT.pdf,https://qualifications.pearson.com/content/dam/pdf/International-Lower-Secondary-Curriculum/Mathematics/2018/SpecificationandSampleAssessments/iprimary-awd-maths.pdf,2026-06-13,OK (547 KB)
OCR,ALEVEL,MEI,Mathematics,4721,2005,2016,LEGACY,OCR_ALEVEL_Mathematics_4721_2005_to_2016_LEGACY.pdf,https://www.ocr.org.uk/Images/75811-specification.pdf,2026-06-13,OK (1346 KB)
IB,DP,SL,Mathematics,NA,2014,2020,LEGACY,IB_DP_SL_Mathematics_NA_2014_to_2020_LEGACY.pdf,https://resources.finalsite.net/images/v1716982282/matsuk12us/fzgin9dyosrxknqxcgdt/mathematics.pdf,2026-06-13,OK (1702 KB)
IB,DP,HL,Mathematics,NA,2014,2020,LEGACY,IB_DP_HL_Mathematics_NA_2014_to_2020_LEGACY.pdf,https://www.cosmopolitanschool.de/wp-content/uploads/2018/10/dp-math-HL-guide.pdf,2026-06-13,OK (2252 KB)
IB,DP,AI,Mathematics,NA,2021,PRESENT,CURRENT,IB_DP_Mathematics_AI_NA_2021_to_PRESENT_CURRENT.pdf,https://www.woodstockschool.in/wp-content/uploads/2019/10/Mathematics-applications-and-interpretation-guide.pdf,2026-06-13,OK (3884 KB)
IB,MYP,,Mathematics,NA,2014,PRESENT,CURRENT,IB_MYP_Mathematics_NA_2014_to_PRESENT_CURRENT.pdf,https://kershawmagnet.org/ourpages/auto/2017/10/27/58586794/MYP%20Math.pdf,2026-06-13,OK (810 KB)
IB,PYP,,Mathematics,NA,2018,PRESENT,CURRENT,IB_PYP_Mathematics_NA_2018_to_PRESENT_CURRENT.pdf,https://ibo.org/globalassets/new-structure/programmes/pyp/pdfs/pyp-resource-guide.pdf,2026-06-13,OK (337 KB)
IB,PYP,,Mathematics,NA,2009,2017,LEGACY,IB_PYP_Mathematics_NA_2009_to_2017_LEGACY.pdf,http://teachingandlearninginthepyp.weebly.com/uploads/6/7/9/2/6792708/pyp_math_scope_and_sequence.pdf,2026-06-13,OK (561 KB)
AQA,GCSE,,Biology,4401,2011,2016,LEGACY,,,2026-06-13,NOT_OFFERED: NOT_OFFERED: Superseded by specification 8461 in September 2016. Legacy specification for exams January 2012 - June 2016. Official specification PDF is not publicly available on current AQA filestore; archived versions may exist on Internet Archive or educational resource repositories.
AQA,ELC,,Biology,5960,2017,PRESENT,CURRENT,AQA_ELC_Biology_5960_2017_to_PRESENT_CURRENT.pdf,https://filestore.aqa.org.uk/resources/science/specifications/AQA-5960-SP-2016.PDF,2026-06-13,OK (1084 KB)
Edexcel,IGCSE,Linear,Biology,4BI0,2009,2016,LEGACY,Edexcel_IGCSE_Biology_4BI0_2009_to_2016_LEGACY.pdf,https://qualifications.pearson.com/content/dam/pdf/International%20GCSE/Biology/2011/Specification%20and%20sample%20assessments/UG030030-International-GCSE-in-Biology-master-booklet-spec-Issue-3-SAMs-for-web-280212.pdf,2026-06-13,OK (560 KB)
Edexcel,IGCSE,Linear,Biology,4BI1,2017,PRESENT,CURRENT,Edexcel_IGCSE_Biology_4BI1_2017_to_PRESENT_CURRENT.pdf,https://qualifications.pearson.com/content/dam/pdf/International%20GCSE/Biology/2017/specification-and-sample-assessments/international-gcse-biology-2017-specification1.pdf,2026-06-13,OK (1230 KB)
Edexcel,IAL,,Biology,WBI01,2014,2019,LEGACY,Edexcel_IAL_Biology_WBI01_2014_to_2019_LEGACY.pdf,https://qualifications.pearson.com/content/dam/pdf/International%20Advanced%20Level/International%20Advanced%20levels_Biology_Specification_Issue_1.pdf,2026-06-13,OK (3349 KB)
Edexcel,IAL,,Biology,WBI11,2019,PRESENT,CURRENT,Edexcel_IAL_Biology_WBI11_2019_to_PRESENT_CURRENT.pdf,https://qualifications.pearson.com/content/dam/pdf/International%20Advanced%20Level/Biology/2018/Specification-and-Sample-Assessment/International-A-Level-Biology-Spec.pdf,2026-06-13,OK (1662 KB)
Edexcel,IPRIMARY,,Biology,JSC11,2018,PRESENT,CURRENT,Edexcel_IPRIMARY_Biology_JSC11_2018_to_PRESENT_CURRENT.pdf,https://qualifications.pearson.com/content/dam/pdf/International-Primary-Curriculum/Science/2018/SpecificationandSampleAssessments/iprimary-science-spec.pdf,2026-06-13,OK (419 KB)
Edexcel,ILOWERSEC,,Biology,LSC11,2018,PRESENT,CURRENT,Edexcel_ILOWERSEC_Biology_LSC11_2018_to_PRESENT_CURRENT.pdf,https://qualifications.pearson.com/content/dam/pdf/International-Lower-Secondary-Curriculum/Science/2018/SpecificationandSampleAssessments/pearson-ils-science.pdf,2026-06-13,OK (506 KB)
OCR,ALEVEL,B,Biology,H422,2017,PRESENT,CURRENT,OCR_ALEVEL_Biology_B_H422_2017_to_PRESENT_CURRENT.pdf,https://www.ocr.org.uk/images/171714-specification-accredited-a-level-biology-b-advancing-biology-h422.pdf,2026-06-13,OK (34472 KB)
OCR,GCSE,A,Biology,J247,2017,PRESENT,CURRENT,OCR_GCSE_Biology_A_J247_2017_to_PRESENT_CURRENT.pdf,https://www.ocr.org.uk/images/234594-specification-accredited-gcse-gateway-science-suite-biology-a-j247.pdf,2026-06-13,OK (1336 KB)
IB,DP,SL_HL,Biology,NA,2009,2015,LEGACY,IB_DP_Biology_NA_2009_to_2015_LEGACY.pdf,https://11ibbiology.wordpress.com/wp-content/uploads/2020/03/ib-biology-guide-2009.pdf,2026-06-13,OK (1251 KB)
IB,DP,SL_HL,Biology,NA,2016,2024,LEGACY,IB_DP_Biology_NA_2016_to_2024_LEGACY.pdf,https://ibo.org/globalassets/new-structure/recognition/pdfs/dp_sciences_biology_subject-brief_jan_2022_e.pdf,2026-06-13,OK (332 KB)
IB,DP,SL_HL,Psychology,NA,2011,2018,LEGACY,IB_DP_Psychology_NA_2011_to_2018_LEGACY.pdf,https://ibo.org/globalassets/new-structure/programmes/dp/pdfs/psychology-2019.pdf,2026-06-13,OK (391 KB)
IB,DP,SL_HL,Psychology,NA,2019,PRESENT,CURRENT,IB_DP_Psychology_NA_2019_to_PRESENT_CURRENT.pdf,https://www.ibo.org/contentassets/5895a05412144fe890312bad52b17044/psychology-sl-hl-2019-en.pdf,2026-06-13,OK (391 KB)
AQA,GCSE,,Chemistry,4402,2011,2016,LEGACY,,,2026-06-13,"NOT_OFFERED_ON_OFFICIAL_FILESTORE: Legacy GCSE specification (4402) is not currently available on AQA's official filestore. The specification (version AQA-4402-W-SP-14) was for certification from June 2014 onwards and covered exams from January 2012 to June 2017. Archived copies exist on educational websites (secondaryscience4all.wordpress.com, MPPE, PastPapersGuru, StudyDex) but these are third-party mirrors. Official AQA page (aqa.org.uk/subjects/chemistry/gcse/chemistry-4402) returns 404. The specification was superseded by GCSE Chemistry 8462 (first exams June 2018, 9-1 grading)."
Edexcel,IGCSE,Linear,Chemistry,4CH0,2009,2016,LEGACY,Edexcel_IGCSE_Chemistry_4CH0_2009_to_2016_LEGACY.pdf,https://qualifications.pearson.com/content/dam/pdf/International%20GCSE/Chemistry/2009/Specification%20and%20sample%20assessments/IGCSE%20Chemistry%20(4CH0)%20Issue%203.pdf,2026-06-13,OK (2887 KB)
Edexcel,IGCSE,Linear,Chemistry,4CH1,2017,PRESENT,CURRENT,Edexcel_IGCSE_Chemistry_4CH1_2017_to_PRESENT_CURRENT.pdf,https://qualifications.pearson.com/content/dam/pdf/International%20GCSE/Chemistry/2017/specification-and-sample-assessments/international-gcse-chemistry-2017-specification.pdf,2026-06-13,OK (1684 KB)
Edexcel,IAL,,Chemistry,WCH01,2014,2019,LEGACY,Edexcel_IAL_Chemistry_WCH01_2014_to_2019_LEGACY.pdf,https://qualifications.pearson.com/content/dam/pdf/International%20Advanced%20Level/International%20Advanced%20levels_Chemistry_Specification_Issue1.pdf,2026-06-13,OK (3933 KB)
Edexcel,IAL,,Chemistry,WCH11,2019,PRESENT,CURRENT,Edexcel_IAL_Chemistry_WCH11_2019_to_PRESENT_CURRENT.pdf,https://qualifications.pearson.com/content/dam/pdf/International%20Advanced%20Level/Chemistry/2018/Specification-and-Sample-Assessment/International-A-Level-Chemistry-Spec.pdf,2026-06-13,OK (4034 KB)
OCR,ALEVEL,B,Chemistry,H433,2017,PRESENT,CURRENT,OCR_ALEVEL_Chemistry_B_H433_2017_to_PRESENT_CURRENT.pdf,https://www.ocr.org.uk/Images/171723-specification-accredited-a-level-gce-chemistry-b-salters-h433.pdf,2026-06-13,OK (39687 KB)
OCR,GCSE,A,Chemistry,J248,2017,PRESENT,CURRENT,OCR_GCSE_Chemistry_A_J248_2017_to_PRESENT_CURRENT.pdf,https://www.ocr.org.uk/Images/234598-specification-accredited-gcse-gateway-science-suite-chemistry-a-j248.pdf,2026-06-13,OK (2180 KB)
IB,DP,SL_HL,Chemistry,NA,2009,2015,LEGACY,,,2026-06-13,NOT_FOUND: no URL resolved to a valid PDF
IB,DP,SL_HL,Chemistry,NA,2016,2024,LEGACY,,,2026-06-13,NOT_FOUND: no URL resolved to a valid PDF
AQA,ALEVEL,,Further_Mathematics,5371,2005,2016,LEGACY,,,2026-06-13,"NOT_OFFERED: AQA specification code 5371 does not exist. The legacy AQA A Level Further Mathematics used code 6360 (until ~2019), and the current code is 7367 (from 2017 onwards). Code 5371 cannot be found in any official AQA specification database, filestore, past papers archive, or historical records."
Edexcel,IGCSE,Linear,Further_Mathematics,4PM0,2011,2016,LEGACY,Edexcel_IGCSE_Further_Mathematics_4PM0_2011_to_2016_LEGACY.pdf,https://qualifications.pearson.com/content/dam/pdf/International%20GCSE/Further%20Pure%20Mathematics/2009/Specification%20and%20sample%20assessments/IGCSE2009_FurtherPure_Mathematics_(4PM0)_Specification.pdf,2026-06-13,OK (1930 KB)
Edexcel,IGCSE,Linear,Further_Mathematics,4PM1,2016,PRESENT,CURRENT,Edexcel_IGCSE_Further_Mathematics_4PM1_2016_to_PRESENT_CURRENT.pdf,https://qualifications.pearson.com/content/dam/pdf/International%20GCSE/Further%20Pure%20Mathematics/2016/Specification%20and%20sample%20assessments/international-gcse-in-further-pure-mathematics-spec.pdf,2026-06-13,OK (1091 KB)
AQA,GCSE,,History,4040,2009,2016,LEGACY,,,2026-06-13,NOT_OFFERED: Extensive search did not locate specification PDF or page. AQA GCSE History code changed to 8145 from 2016. Code 4040 does not appear in current AQA filestore or web resources. May be a non-AQA code or misidentified specification.
AQA,ALEVEL,,History,1041,2005,2016,LEGACY,,,2026-06-13,NOT_OFFERED: Extensive search did not locate specification PDF or page. AQA A-Level History code changed to 7042 (AS to 7041) from 2015. Code 1041 appears to reference an older AS exam paper from 2009-2012 era but specification document not found in AQA filestore. Current AQA system uses 7041/7042.
Edexcel,IGCSE,Linear,History,4HI0,2013,2016,LEGACY,Edexcel_IGCSE_History_4HI0_2013_to_2016_LEGACY.pdf,https://qualifications.pearson.com/content/dam/pdf/International%20GCSE/History/2011/Specification%20and%20sample%20assessments/GCSE-Int-History-specification.pdf,2026-06-13,OK (316 KB)
Edexcel,IGCSE,Linear,History,4HI1,2017,PRESENT,CURRENT,Edexcel_IGCSE_History_4HI1_2017_to_PRESENT_CURRENT.pdf,https://qualifications.pearson.com/content/dam/pdf/International%20GCSE/History/2017/specification-and-sample-assessments/int-gcse-history-specification.pdf,2026-06-13,OK (745 KB)
OCR,GCSE,B,History,J417,2012,2016,LEGACY,,https://www.ocr.org.uk/qualifications/gcse/history-b-modern-world-j417-j117-from-2012/,2026-06-13,NOT_FOUND: no URL resolved to a valid PDF
IB,DP,SL_HL,History,NA,2010,2016,LEGACY,IB_DP_History_NA_2010_to_2016_LEGACY.pdf,https://www.ibo.org/contentassets/5895a05412144fe890312bad52b17044/history-sl-2016-english-final-web-updated.pdf,2026-06-13,OK (631 KB)
AQA,GCSE,,Physics,4403,2011,2016,LEGACY,,https://pdfcoffee.com/download/aqa-phys-w-sp-14-pdf-free.html,2026-06-13,NOT_FOUND: no URL resolved to a valid PDF
AQA,ALEVEL,,Physics,2450,2005,2016,LEGACY,AQA_ALEVEL_Physics_2450_2005_to_2016_LEGACY.pdf,https://web.archive.org/web/20131101201052id_/http://filestore.aqa.org.uk:80/subjects/specifications/alevel/AQA-2450-W-SP-14.PDF,2026-06-13,"OK (1951 KB) [Wayback; genuine AQA-2450-W-SP-14 spec, replaced bad third-party PDF]"
Edexcel,GCSE,,Physics,2PH01,2012,2016,LEGACY,Edexcel_GCSE_Physics_2PH01_2012_to_2016_LEGACY.pdf,https://qualifications.pearson.com/content/dam/pdf/GCSE/Science/2011/Specification%20and%20sample%20assessments/UG029980_GCSE_Physics_Spec_2012.pdf,2026-06-13,OK (1018 KB)
Edexcel,IGCSE,Linear,Physics,4PH0,2009,2016,LEGACY,Edexcel_IGCSE_Physics_4PH0_2009_to_2016_LEGACY.pdf,https://qualifications.pearson.com/content/dam/pdf/International%20GCSE/Physics/2011/Specification%20and%20sample%20assessments/UG030051_International_GCSE_in_Physics_(master_booklet)_spec_Issue_5_SAMs_for_web.pdf,2026-06-13,OK (828 KB)
Edexcel,IGCSE,Linear,Physics,4PH1,2017,PRESENT,CURRENT,Edexcel_IGCSE_Physics_4PH1_2017_to_PRESENT_CURRENT.pdf,https://qualifications.pearson.com/content/dam/pdf/International%20GCSE/Physics/2017/specification-and-sample-assessments/international-gcse-physics-2017-specification.pdf,2026-06-13,OK (1329 KB)
Edexcel,IAL,,Physics,WPH01,2014,2019,LEGACY,Edexcel_IAL_Physics_WPH01_2014_to_2019_LEGACY.pdf,https://qualifications.pearson.com/content/dam/pdf/International%20Advanced%20Level/International%20Advanced%20levels_Physics_Specification_Issue1.pdf,2026-06-13,OK (3644 KB)
Edexcel,IAL,,Physics,WPH11,2019,PRESENT,CURRENT,Edexcel_IAL_Physics_WPH11_2019_to_PRESENT_CURRENT.pdf,https://qualifications.pearson.com/content/dam/pdf/International%20Advanced%20Level/Physics/2018/Specification%20and%20Sample%20Assessment/9781446957783_IAL_Physics_Iss3.pdf,2026-06-13,OK (1293 KB)
OCR,ALEVEL,A,Physics,H557,2017,PRESENT,CURRENT,OCR_ALEVEL_Physics_A_H557_2017_to_PRESENT_CURRENT.pdf,https://www.ocr.org.uk/Images/171729-specification-accredited-a-level-gce-physics-b-advancing-physics-h557.pdf,2026-06-13,OK (29407 KB)
OCR,ALEVEL,B,Physics,H558,2017,PRESENT,CURRENT,,,2026-06-13,"NOT_OFFERED: H558 is legacy code (2013 specification). The 2017 onwards A Level Physics A specification is H556, not H558. H556 is current."
OCR,GCSE,A,Physics,J249,2017,PRESENT,CURRENT,OCR_GCSE_Physics_A_J249_2017_to_PRESENT_CURRENT.pdf,https://www.ocr.org.uk/Images/234600-specification-accredited-gcse-gateway-science-suite-physics-a-j249.pdf,2026-06-13,OK (2156 KB)
IB,DP,SL_HL,Physics,NA,2009,2015,LEGACY,IB_DP_Physics_NA_2009_to_2015_LEGACY.pdf,https://www.sdgj.com/ckfinder/userfiles/files/c55a1fba35e5528958991a17541f74eb.pdf,2026-06-13,OK (1403 KB)
IB,DP,SL_HL,Physics,NA,2016,2024,LEGACY,IB_DP_Physics_NA_2016_to_2024_LEGACY.pdf,https://ibphysics.org/wp-content/uploads/2016/01/ib-physics-syllabus.pdf,2026-06-13,OK (5807 KB)
AQA,GCSE,,English_Literature,4710,2010,2016,LEGACY,,,2026-06-13,NOT_OFFERED: Legacy specification 4710 is no longer available on AQA's official filestore or website. Code confirmed in historical exam papers (June 2012) but specification PDF not accessible. AQA replaced this with code 8702 for exams from June 2017 onwards. Contact AQA directly or check Secure Key Materials on Centre Services for archived versions.
AQA,ALEVEL,,English_Literature,2710,2005,2016,LEGACY,,,2026-06-13,"NOT_OFFERED: Legacy specification code 2710 not found in any accessible AQA resources, filestore, or official website. No evidence located confirming this code was used for AQA A-level English Literature. Current AQA A-level codes are 7711/7712 (Literature A) and 7716/7717 (Literature B). Recommend verifying correct specification code or contacting AQA directly."
Edexcel,IGCSE,Linear,English_Literature,4ET0,2011,2016,LEGACY,,https://qualifications.pearson.com/en/qualifications/edexcel-international-gcses-and-edexcel-certificates/international-gcse-english-literature-2011.html,2026-06-13,"NOT_OFFERED: The official qualification page returns a 404 error. First assessment June 2012, final assessment January 2019 for non-UK students. The specification PDFs are not publicly accessible on the official Pearson domain. Exam materials and mark schemes from 2011-2018 are archived at qualifications.pearson.com/content/dam/pdf/International GCSE/English Literature/2011/"
Edexcel,IGCSE,Linear,English_Literature,4ET1,2017,PRESENT,CURRENT,Edexcel_IGCSE_English_Literature_4ET1_2017_to_PRESENT_CURRENT.pdf,https://qualifications.pearson.com/content/dam/pdf/International%20GCSE/English%20Literature/2016/Specification%20and%20sample%20assessments/International_GCSE_English_Literature_specification.pdf,2026-06-13,OK (1406 KB)
IB,DP,SL_HL,English_Literature,NA,2011,2020,LEGACY,IB_DP_English_Literature_NA_2011_to_2020_LEGACY.pdf,https://ibo.org/contentassets/5895a05412144fe890312bad52b17044/curriculum.brief-languagea.literature-eng.pdf,2026-06-13,OK (382 KB)
AQA,GCSE,,English_Language,4700,2010,2016,LEGACY,,,2026-06-13,NOT_FOUND: no URL resolved to a valid PDF
AQA,ELC,,English_Language,5970,2017,PRESENT,CURRENT,AQA_ELC_English_Language_5970_2017_to_PRESENT_CURRENT.pdf,https://filestore.aqa.org.uk/resources/english/specifications/AQA-5970-SP-2015.PDF,2026-06-13,OK (664 KB)
Edexcel,ALEVEL,,English_Language,8EN01,2008,2016,LEGACY,,,2026-06-13,"NOT_OFFERED: Specification archived and removed from qualifications.pearson.com in November 2018. Legacy qualification accredited 2008-2011, last assessments 2016. Specification PDFs no longer directly available; past papers remain in archive."
Edexcel,IGCSE,Linear,English_Language,4EA0,2011,2016,LEGACY,Edexcel_IGCSE_English_Language_4EA0_2011_to_2016_LEGACY.pdf,https://qualifications.pearson.com/content/dam/pdf/International%20GCSE/English%20Language%20A/2011/Specification%20and%20sample%20assessments/UG027048-International-GCSE-in-English-Language-Spec-A-4EA0-Issue-2-for-web.pdf,2026-06-13,OK (459 KB)
Edexcel,IGCSE,Linear,English_Language,4EA1,2017,PRESENT,CURRENT,Edexcel_IGCSE_English_Language_4EA1_2017_to_PRESENT_CURRENT.pdf,https://qualifications.pearson.com/content/dam/pdf/International%20GCSE/English%20Language%20A/2016/Specification%20and%20sample%20assessments/9781446954379-int-gcse-englang-a-iss6-02-02-2023.pdf,2026-06-13,OK (734 KB)
Edexcel,IPRIMARY,,English_Language,JEH11,2018,PRESENT,CURRENT,Edexcel_IPRIMARY_English_Language_JEH11_2018_to_PRESENT_CURRENT.pdf,https://qualifications.pearson.com/content/dam/pdf/International-Primary-Curriculum/English/2018/SpecificationandSampleAssessments/9781446955857-iprimary-awd-english.pdf,2026-06-13,OK (284 KB)
Edexcel,ILOWERSEC,,English_Language,LEH11,2018,PRESENT,CURRENT,Edexcel_ILOWERSEC_English_Language_LEH11_2018_to_PRESENT_CURRENT.pdf,https://qualifications.pearson.com/content/dam/pdf/International-Lower-Secondary-Curriculum/English/2018/SpecificationandSampleAssessments/9781446956670-ils-english.pdf,2026-06-13,OK (266 KB)
IB,DP,SL_HL,English_Language,NA,2011,2020,LEGACY,IB_DP_English_Language_NA_2011_to_2020_LEGACY.pdf,https://ibo.org/contentassets/5895a05412144fe890312bad52b17044/curriculum.brief-languagea.literature-eng.pdf,2026-06-13,OK (382 KB)
AQA,GCSE,,Geography,4030,2012,2016,LEGACY,,,2026-06-13,NOT_OFFERED: This GCSE Geography specification code (4030) was replaced by code 8035 starting from September 2016 teaching onwards. No publicly accessible specification PDF could be located on the official AQA filestore or website. The legacy 4030 specification ended in 2016 but archive links are not available online.
AQA,ALEVEL,,Geography,2030,2005,2016,LEGACY,,,2026-06-13,"NOT_OFFERED: This A-Level Geography specification (2030) was offered through June 2016 as the final re-sit season, then replaced by code 7037 from September 2016 onwards. Past papers exist for this qualification but the official specification PDF could not be located or verified on the AQA filestore or official website."
Edexcel,IGCSE,Linear,Geography,4GE0,2013,2016,LEGACY,Edexcel_IGCSE_Geography_4GE0_2013_to_2016_LEGACY.pdf,https://qualifications.pearson.com/content/dam/pdf/International%20GCSE/Geography/2011/Specification%20and%20sample%20assessments/UG030050-International-GCSE-in-Geography-master-booklet-spec-SAMs-for-web-220212.pdf,2026-06-13,OK (1218 KB)
Edexcel,IGCSE,Linear,Geography,4GE1,2017,PRESENT,CURRENT,Edexcel_IGCSE_Geography_4GE1_2017_to_PRESENT_CURRENT.pdf,https://qualifications.pearson.com/content/dam/pdf/International%20GCSE/Geography/2017/specification-and-sample-assessments/9781446958360-int-gcse-geog-issue-3.pdf,2026-06-13,OK (1107 KB)
OCR,GCSE,B,Geography,J384,2016,PRESENT,CURRENT,OCR_GCSE_Geography_B_J384_2016_to_PRESENT_CURRENT.pdf,https://www.ocr.org.uk/Images/737448-specification-accredited-gcse-geography-b-j384.pdf,2026-06-13,OK (2131 KB)
IB,DP,SL_HL,Geography,NA,2009,2016,LEGACY,IB_DP_Geography_NA_2009_to_2016_LEGACY.pdf,https://ibo.org/contentassets/5895a05412144fe890312bad52b17044/geography-sl-hl-2017-en.pdf,2026-06-13,OK (335 KB)
IB,DP,SL_HL,Geography,NA,2017,PRESENT,CURRENT,IB_DP_Geography_NA_2017_to_PRESENT_CURRENT.pdf,https://ibo.org/contentassets/5895a05412144fe890312bad52b17044/geography-sl-hl-2017-en.pdf,2026-06-13,OK (335 KB)
AQA,GCSE,,Sociology,4190,2009,2016,LEGACY,,,2026-06-13,NOT_OFFERED or ARCHIVED: Legacy AQA GCSE Sociology 4190 specification PDFs are not accessible on the official AQA filestore. Code 4190 is confirmed to have existed (past papers found on TheAllPapers 2011-2013). Current AQA GCSE Sociology uses code 8192 (first taught 2017). Specification document may be archived but not publicly available online.
AQA,ALEVEL,,Sociology,2190,2005,2016,LEGACY,,,2026-06-13,NOT_OFFERED or ARCHIVED: Legacy AQA A-level Sociology 2190 specification PDFs are not accessible on the official AQA filestore. Code 2190 is confirmed to have existed (past papers found on PapaCambridge including June 2013). Current AQA A-level Sociology uses code 7192 (first taught 2015). Specification document may be archived but not publicly available online.
Edexcel,ALEVEL,,Sociology,8SO01,2008,2016,LEGACY,,,2026-06-13,"NOT_OFFERED: No evidence found of this specification on Pearson qualifications website, Ofqual register, or educational databases. Specification code and dates could not be verified."
Edexcel,ALEVEL,,Sociology,9SO0,2017,PRESENT,CURRENT,,https://qualifications.pearson.com/en/qualifications/edexcel-a-levels.html,2026-06-13,"NOT_OFFERED: Third-party sites reference Edexcel A-Level Sociology, but official specification PDF cannot be located on qualifications.pearson.com. Edexcel does not appear on official current A-Level Sociology provider lists (AQA, OCR, Eduqas, WJEC, Cambridge are confirmed providers). Either discontinued or not publicly offered."
AQA,GCSE,,Art_and_Design,4200,2009,2016,LEGACY,,,2026-06-13,NOT_OFFERED: Legacy specification code 4200 was replaced by codes 8201-8206 starting from 2017-2018. No official PDF link found on current AQA filestore or website. Pre-2017 GCSE specifications are not prominently available on AQA's current website.
AQA,ALEVEL,,Art_and_Design,2200,2005,2016,LEGACY,,,2026-06-13,"NOT_OFFERED: Legacy specification code 2200 cannot be confirmed. Current AQA A-level Art and Design uses codes 7201-7206 (first teaching 2015, first exams 2017). No evidence found that code 2200 was used for A-level Art and Design. Possible code misidentification or specs from different board."
Edexcel,ALEVEL,,Art_and_Design,8AR01,2008,2016,LEGACY,,,2026-06-13,"NOT_OFFERED: Specification code 8AR01 does not exist in Edexcel system. Current A level Art and Design uses codes 9AD0 (Art, Craft & Design) and 9FA0 (Fine Art), not 8AR01 or 9AR0."
Edexcel,IGCSE,Linear,Art_and_Design,4AR0,2011,2016,LEGACY,,,2026-06-13,"NOT_OFFERED: Specification code 4AR0 does not exist. IGCSE Art and Design uses endorsed title codes like 4FA0 (Fine Art), not a generic 4AR0 code."
Edexcel,IGCSE,Linear,Art_and_Design,4AR1,2017,PRESENT,CURRENT,,,2026-06-13,"NOT_OFFERED: Specification code 4AR1 does not exist. IGCSE Art and Design (2017+) uses codes 4FA1, 4GC1, 4PY1, 4TE1, 4TD1 for individual endorsed titles, not 4AR1."
IB,DP,SL_HL,Art_and_Design,NA,2009,2015,LEGACY,,,2026-06-13,NOT_FOUND: no URL resolved to a valid PDF
Edexcel,IGCSE,Linear,Business_Studies,4BS0,2011,2016,LEGACY,Edexcel_IGCSE_Business_Studies_4BS0_2011_to_2016_LEGACY.pdf,https://qualifications.pearson.com/content/dam/pdf/International%20GCSE/Business%20Studies/2009/Specification%20and%20sample%20assessments/UG022510-International-GCSE-in-Business-Studies-4BS0-for-web.pdf,2026-06-13,OK (587 KB)
Edexcel,IGCSE,Linear,Business_Studies,4BS1,2017,PRESENT,CURRENT,Edexcel_IGCSE_Business_Studies_4BS1_2017_to_PRESENT_CURRENT.pdf,https://qualifications.pearson.com/content/dam/pdf/International GCSE/Business Studies/2017/specification-and-sample-assessment/9781446942765-international-gcse-business-specification.pdf,2026-06-13,OK (580 KB)
OCR,CAMNAT,New_Suite_2022,Business_Studies,J837,2022,PRESENT,CURRENT,OCR_CAMNAT_Business_Studies_J837_2022_to_PRESENT_CURRENT.pdf,https://www.ocr.org.uk/Images/610949-specification-cambridge-nationals-enterprise-and-marketing-j837.pdf,2026-06-13,OK (3495 KB)
IB,DP,SL_HL,Business_Studies,NA,2014,2023,LEGACY,IB_DP_Business_Studies_NA_2014_to_2023_LEGACY.pdf,https://ibo.org/globalassets/new-structure/programmes/dp/pdfs/business-management-sl-subject-brief-en.pdf,2026-06-13,OK (709 KB)
AQA,ALEVEL,,Economics,2140,2005,2016,LEGACY,,https://pastpapersguru.com/Directory/AQA/AQA%20A%20Level/Economics-2140/2014/AQA-2140-W-SP-14.PDF,2026-06-13,NOT_FOUND: no URL resolved to a valid PDF
Edexcel,IGCSE,Linear,Economics,4EC0,2011,2016,LEGACY,Edexcel_IGCSE_Economics_4EC0_2011_to_2016_LEGACY.pdf,https://qualifications.pearson.com/content/dam/pdf/International%20GCSE/Economics/2009/Specification%20and%20sample%20assessments/UG022514-International-GCSE-in-Economics-4EC0-for-web.pdf,2026-06-13,OK (429 KB)
Edexcel,IGCSE,Linear,Economics,4EC1,2017,PRESENT,CURRENT,Edexcel_IGCSE_Economics_4EC1_2017_to_PRESENT_CURRENT.pdf,https://qualifications.pearson.com/content/dam/pdf/International%20GCSE/Economics/2017/Specification%20and%20SAMS/international-gcse-spec-9781446942789.pdf,2026-06-13,OK (695 KB)
IB,DP,SL_HL,Economics,NA,2011,2021,LEGACY,,,2026-06-13,NOT_FOUND: no URL resolved to a valid PDF
AQA,GCSE,,Computer_Science,4510,2012,2016,LEGACY,,,2026-06-13,NOT_FOUND: no URL resolved to a valid PDF
Edexcel,ALEVEL,,Computer_Science,8CP01,2012,2016,LEGACY,,,2026-06-13,"NOT_OFFERED: Edexcel does not offer UK A Level Computer Science. Legacy code 8CP01 specification document could not be located on official Pearson domain. Pearson offers GCSE, International GCSE, and International Advanced Level (IAL) but not GCE A Level Computer Science."
Edexcel,ALEVEL,,Computer_Science,9CP0,2017,PRESENT,CURRENT,,,2026-06-13,NOT_OFFERED: Edexcel does not offer UK A Level Computer Science. Code 9CP0 does not exist in current Pearson portfolio. Pearson offers GCE-equivalent qualifications only at GCSE level (1CP2) for UK market. International Advanced Levels (IAL) are offered instead with different code structure.
Edexcel,IGCSE,Linear,Computer_Science,4CP0,2013,2016,LEGACY,Edexcel_IGCSE_Computer_Science_4CP0_2013_to_2016_LEGACY.pdf,https://qualifications.pearson.com/content/dam/pdf/International%20GCSE/computer-science/2017/specification-and-sample-assessments/international-gcse-in-Computer-Science-Specification.pdf,2026-06-13,OK (912 KB)
Edexcel,IGCSE,Linear,Computer_Science,4CP1,2017,PRESENT,CURRENT,,,2026-06-13,NOT_OFFERED: Code 4CP1 does not exist. Edexcel IGCSE Computer Science uses code 4CP0 continuously from 2013 onwards. No separate 4CP1 variant found.
Edexcel,IPRIMARY,,Computer_Science,JCP11,2018,PRESENT,CURRENT,Edexcel_IPRIMARY_Computer_Science_JCP11_2018_to_PRESENT_CURRENT.pdf,https://qualifications.pearson.com/content/dam/pdf/International-Primary-Curriculum/Computing/2019/SpecificationandSampleAssessments/9781446959954_iPrimaryAwd_Computing_Specifcation.pdf,2026-06-13,OK (279 KB)
Edexcel,ILOWERSEC,,Computer_Science,LCP11,2018,PRESENT,CURRENT,Edexcel_ILOWERSEC_Computer_Science_LCP11_2018_to_PRESENT_CURRENT.pdf,https://qualifications.pearson.com/content/dam/pdf/International-Lower-Secondary-Curriculum/Computing/iLS-Computing-2019/Specificationandsampleassessments/9781446959930-iLS-Computing-Specification.pdf,2026-06-13,OK (346 KB)
OCR,GCSE,,Computer_Science,J276,2016,2020,LEGACY,OCR_GCSE_Computer_Science_J276_2016_to_2020_LEGACY.pdf,https://www.ocr.org.uk/Images/225975-specification-accredited-gcse-computer-science-j276.pdf,2026-06-13,OK (1898 KB)
OCR,CAMNAT,Old_Suite_2012,Computer_Science,J800,2012,2022,LEGACY,OCR_CAMNAT_Computer_Science_J800_2012_to_2022_LEGACY.pdf,https://www.ocr.org.uk/Images/82572-specification.pdf,2026-06-13,OK (1024 KB)
OCR,CAMNAT,New_Suite_2022,Computer_Science,J836,2022,PRESENT,CURRENT,OCR_CAMNAT_Computer_Science_J836_2022_to_PRESENT_CURRENT.pdf,https://www.ocr.org.uk/Images/610951-specification-cambridge-nationals-it-j836.pdf,2026-06-13,OK (1086 KB)
AQA,GCSE,,Religious_Studies,4050,2009,2016,LEGACY,,,2026-06-13,"NOT_OFFERED: Legacy GCSE Religious Studies code 4050 (2009-2016) is no longer available on official AQA filestore or website. The specification was replaced by codes 8061 (Short Course), 8062 (Full Course A), and 8063 (Full Course B) from 2017 onwards. While past papers from this era exist on third-party archives (PapaCambridge, PastPapers.Co), the official specification document is not currently hosted on aqa.org.uk or filestore.aqa.org.uk. Direct URL attempts (AQA-4050-SP-2016.PDF, AQA-4050-SP-2015.PDF) return 404 errors or redirects to 404."
AQA,ALEVEL,,Religious_Studies,2060,2005,2016,LEGACY,,,2026-06-13,"NOT_OFFERED: Legacy A-level Religious Studies code 2060 (2005-2016) is no longer available on official AQA filestore or website. The specification was replaced by codes 7061 (AS) and 7062 (A-level) from 2017 onwards. While past papers and exam materials from this era exist on third-party archives (PapaCambridge, FreeExamPapers.com, PastPapers.Co), the official specification document is not currently hosted on aqa.org.uk or filestore.aqa.org.uk. Direct URL attempts (AQA-2060-SP-2016.PDF, AQA-2060-SP-2015.PDF) return 404 errors or redirects to 404."
Edexcel,ALEVEL,,Religious_Studies,8RS01,2008,2016,LEGACY,,https://qualifications.pearson.com/en/qualifications/edexcel-a-levels/religious-studies-2008.html,2026-06-13,NOT_FOUND: no URL resolved to a valid PDF
OCR,GCSE,B,Religious_Studies,J621,2012,2016,LEGACY,OCR_GCSE_Religious_Studies_B_J621_2012_to_2016_LEGACY.pdf,https://www.ocr.org.uk/Images/82571-specification.pdf,2026-06-13,OK (2091 KB)
AQA,GCSE,,Spanish,4695,2009,2016,LEGACY,,,2026-06-13,"NOT_OFFERED_PUBLICLY: Specification 4695 was offered 2009-2016, confirmed via Scribd documents (AQA-4695-W-SP and AQA-4695-W-SP-14), but official PDF not found on AQA filestore. Replaced by code 8698 in 2016."
AQA,ALEVEL,,Spanish,2690,2005,2016,LEGACY,,,2026-06-13,NOT_OFFERED: Code 2690 not found on any official AQA sources. No specification documents located despite extensive searching. Code may be incorrect or from different exam board. Current AQA A-level is 7692 (from 2016).
Edexcel,ALEVEL,,Spanish,8SP01,2008,2016,LEGACY,,https://qualifications.pearson.com/en/news-policy/qualifications/general-news/our-legacy-ELC-GCSE-AS-and-A-level-legacy-qualifications-are-being-archived.html,2026-06-13,NOT_OFFERED: Spec code 8SP01 not found. Legacy A-level specifications (2008-2011) were archived by Pearson. The A-level Spanish code for 2008-2016 was 8SP0 (AS Level) not 8SP01. Current code (2016+) is 9SP0. Specification document no longer available on Pearson website; archived by Pearson.
Edexcel,GCSE,,Spanish,2SP01,2012,2016,LEGACY,Edexcel_GCSE_Spanish_2SP01_2012_to_2016_LEGACY.pdf,https://qualifications.pearson.com/content/dam/pdf/GCSE/Spanish/2009/Specification%20and%20sample%20assessments/UG033594_GCSE_Lin_Spanish_Issue_5_Print.pdf,2026-06-13,OK (8729 KB)
Edexcel,IGCSE,Linear,Spanish,4SP0,2011,2016,LEGACY,Edexcel_IGCSE_Spanish_4SP0_2011_to_2016_LEGACY.pdf,https://qualifications.pearson.com/content/dam/pdf/International%20GCSE/Spanish/2011/Specification%20and%20sample%20assessments/span-spec-sam-iss3.pdf,2026-06-13,OK (8306 KB)
Edexcel,IGCSE,Linear,Spanish,4SP1,2017,PRESENT,CURRENT,Edexcel_IGCSE_Spanish_4SP1_2017_to_PRESENT_CURRENT.pdf,https://qualifications.pearson.com/content/dam/pdf/International%20GCSE/Spanish/2017/specification-and-sample-assessments/international-gcse-spanish-specification.pdf,2026-06-13,OK (2128 KB)
Edexcel,IAL,,Spanish,WSP01,2014,PRESENT,CURRENT,Edexcel_IAL_Spanish_WSP01_2014_to_PRESENT_CURRENT.pdf,https://qualifications.pearson.com/content/dam/pdf/International%20Advanced%20Level/spanish/2016/specification-and-sample-assessments/ial-spanish-specification.pdf,2026-06-13,OK (1390 KB)
OCR,ALEVEL,,Spanish,H453,2016,PRESENT,CURRENT,,,2026-06-13,"NOT_OFFERED: OCR withdrew from Spanish A Level qualifications in May 2016. Final assessments were in Summer 2017, with resit opportunities in Summer 2018. Accreditation challenges prevented approval of reformed qualifications. H453 was an older legacy code; the current code for Spanish A Level (if still offered) would be different. OCR directed students to alternative providers. No official H453 Spanish specification PDF located on ocr.org.uk; the platform contains Modern Foreign Languages specifications but OCR no longer offers Spanish A/AS Level."
OCR,GCSE,,Spanish,J243,2016,PRESENT,CURRENT,,,2026-06-13,"NOT_OFFERED: J243 is the specification code for OCR GCSE Biology A, not Spanish. OCR GCSE Spanish uses codes J732/J032/J132 (from 2012 onwards). OCR withdrew from GCSE Modern Foreign Languages qualifications in May 2016. Final assessments were Summer 2017. The code J243 does not correspond to OCR Spanish GCSE. Correct GCSE Spanish codes are J722 (from 2016, 9-1 grading) or J732/J032/J132 (legacy). No specification found for J243 Spanish."
IB,DP,SL_HL,Spanish,NA,2011,2019,LEGACY,,,2026-06-13,NOT_FOUND: no URL resolved to a valid PDF
AQA,GCSE,,French,4655,2009,2016,LEGACY,,,2026-06-13,"NOT_OFFERED: Legacy GCSE French specification 4655 (2009-2016) is not available online. Current AQA GCSE French specifications are 8658 (legacy, 2018-2024) and 8652 (current, 2024 onwards). Past papers from 4655 exams exist but the official specification PDF could not be located on AQA filestore or archived sources."
AQA,ALEVEL,,French,2650,2005,2016,LEGACY,,,2026-06-13,NOT_OFFERED: Legacy A-Level French specification 2650 (2005-2016) is not available online. Current AQA A-Level French specification is 7652 (2018 onwards). The 2650 specification was available for retakes as late as 2018 but the official specification PDF could not be located on AQA filestore or archived sources.
Edexcel,GCSE,,French,2FR01,2012,2016,LEGACY,Edexcel_GCSE_French_2FR01_2012_to_2016_LEGACY.pdf,https://qualifications.pearson.com/content/dam/pdf/GCSE/French/2009/Specification%20and%20sample%20assessments/GCSE%20French%20spec%20Issue%203%20UG025111_090112.pdf,2026-06-13,OK (561 KB)
Edexcel,IGCSE,Linear,French,4FR0,2011,2016,LEGACY,Edexcel_IGCSE_French_4FR0_2011_to_2016_LEGACY.pdf,https://qualifications.pearson.com/content/dam/pdf/International%20GCSE/French/2011/Specification%20and%20sample%20assessments/GCSE-Int-French4FR0-Spec-Iss4-SAMs-Iss2.pdf,2026-06-13,OK (7325 KB)
Edexcel,IGCSE,Linear,French,4FR1,2017,PRESENT,CURRENT,Edexcel_IGCSE_French_4FR1_2017_to_PRESENT_CURRENT.pdf,https://qualifications.pearson.com/content/dam/pdf/International%20GCSE/French/2017/specification-and-sample-assessments/international-gcse-french-specification.pdf,2026-06-13,OK (991 KB)
Edexcel,IAL,,French,WFR01,2014,PRESENT,CURRENT,Edexcel_IAL_French_WFR01_2014_to_PRESENT_CURRENT.pdf,https://qualifications.pearson.com/content/dam/pdf/International%20Advanced%20Level/french/2016/specification-and-sample-assessments/ial-french-specification.pdf,2026-06-13,OK (1364 KB)
OCR,ALEVEL,,French,H455,2016,PRESENT,CURRENT,,,2026-06-13,"NOT_OFFERED: OCR H455 does not exist. OCR's A Level French codes were H075 (AS) and H475 (A2, legacy 2008-2017). OCR withdrew from all Modern Foreign Languages qualifications on 16 May 2016 and did not offer reformed H090/H490 qualifications. H455 never existed as an OCR qualification code."
OCR,ALEVEL,,French,F701,2008,2016,LEGACY,OCR_ALEVEL_French_F701_2008_to_2016_LEGACY.pdf,https://www.ocr.org.uk/images/82314-specification.pdf,2026-06-13,OK (332 KB)
OCR,GCSE,,French,J242,2016,PRESENT,CURRENT,,,2026-06-13,"NOT_OFFERED: J242 is the GCSE code for Additional Science A, not French. OCR's GCSE French codes were J730 (full qualification), J030 (Spoken Language Short Course), and J130 (Written Language Short Course). OCR withdrew from all Modern Foreign Languages GCSEs on 16 May 2016. J242 was never a French qualification code."
IB,DP,SL_HL,French,NA,2011,2019,LEGACY,,,2026-06-13,NOT_FOUND: no URL resolved to a valid PDF
AQA,ALEVEL,,Politics,2150,2005,2016,LEGACY,,https://filestore.aqa.org.uk/resources/politics/specifications/AQA-2150-SP-2016.PDF,2026-06-13,NOT_FOUND: no URL resolved to a valid PDF
OCR,ALEVEL,,Politics,H410,2017,PRESENT,CURRENT,,,2026-06-13,"NOT_OFFERED: OCR does not offer an A Level Politics qualification. OCR discontinued Government and Politics A Level (previous codes H095/H495) in 2018. H410 is the code for OCR A Level Film Studies, not Politics. No OCR Politics specification with code H410 has ever been offered."
IB,DP,SL_HL,Politics,NA,2017,PRESENT,CURRENT,IB_DP_Politics_NA_2017_to_PRESENT_CURRENT.pdf,https://www.ibo.org/globalassets/new-structure/university-admission/pdfs/global-politics-sl-2016-en.pdf,2026-06-13,OK (843 KB)
AQA,GCSE,,Physical_Education,4890,2009,2016,LEGACY,,https://www.aqa.org.uk/subjects/physical-education,2026-06-13,NOT_FOUND: no URL resolved to a valid PDF
AQA,ALEVEL,,Physical_Education,2580,2005,2016,LEGACY,,https://www.aqa.org.uk/subjects/physical-education,2026-06-13,NOT_FOUND: no URL resolved to a valid PDF
Edexcel,ALEVEL,,Physical_Education,8PE01,2008,2016,LEGACY,Edexcel_ALEVEL_Physical_Education_8PE01_2008_to_2016_LEGACY.pdf,https://qualifications.pearson.com/content/dam/pdf/A%20Level/Physical%20Education/2013/Specification%20and%20sample%20assessments/9781446912003_GCE_Lin_PhysEd_Issue_6_Version_2.pdf,2026-06-13,OK (1470 KB)
OCR,ALEVEL,,Physical_Education,F453,2009,2016,LEGACY,,,2026-06-13,"NOT_OFFERED: OCR F453 does not exist for Physical Education. The legacy OCR A Level Physical Education used codes H154 (AS) and H554 (A2), first teaching September 2008, ending June 2016 when replaced by H155/H555. F451-F454 are unit codes within qualifications, not qualification codes themselves."
OCR,CAMNAT,New_Suite_2022,Physical_Education,J832,2022,PRESENT,CURRENT,,,2026-06-13,"NOT_OFFERED: J832 is OCR Cambridge Nationals Engineering Manufacture, not Physical Education. The correct Sport Science Cambridge National code is J828 (not J832), first teaching September 2022. No Cambridge Nationals Physical Education qualification with code J832 exists."
AQA,GCSE,,Music,4270,2009,2016,LEGACY,,,2026-06-13,NOT_OFFERED: Legacy specification code 4270 was discontinued after June 2016 and replaced by new code 8271 from September 2016. PDF not found on current AQA filestore; attempted URLs (filestore.aqa.org.uk/resources/music/specifications/AQA-4270-SP-*.PDF) redirect to non-existent endpoints. Past papers and resources available through student sites but official specification PDFs are no longer hosted.
AQA,ALEVEL,,Music,2270,2005,2016,LEGACY,,,2026-06-13,NOT_OFFERED: Legacy specification code 2270 was discontinued after 2016 and replaced by new code 7272 from September 2016. PDF not found on current AQA filestore; attempted URLs (filestore.aqa.org.uk/resources/music/specifications/AQA-2270-SP-*.PDF) redirect to non-existent endpoints. Specification document referenced in Scribd (AQA-2270-W-SP-14) but official AQA PDFs no longer available.
Edexcel,ALEVEL,,Music,8MU01,2008,2016,LEGACY,Edexcel_ALEVEL_Music_8MU01_2008_to_2016_LEGACY.pdf,https://qualifications.pearson.com/content/dam/pdf/A%20Level/Music/2013/Specification%20and%20sample%20assessments/UA035245_GCE_Lin_Music_Issue_5.pdf,2026-06-13,OK (1031 KB)
Edexcel,IGCSE,Linear,Music,4MU0,2011,2016,LEGACY,,,2026-06-13,"NOT_OFFERED: Extensive searches of qualifications.pearson.com, Ofqual Register, Wayback Machine, and general web searches found no evidence that Pearson/Edexcel has ever offered IGCSE Music with code 4MU0. The code does not appear in any official Pearson documentation, exam papers, or historical records. This specification may not exist or may have been offered by a different exam board."
Edexcel,IGCSE,Linear,Music,4MU1,2017,PRESENT,CURRENT,,,2026-06-13,"NOT_OFFERED: Extensive searches of qualifications.pearson.com, Ofqual Register, Wayback Machine, and general web searches found no evidence that Pearson/Edexcel has ever offered IGCSE Music with code 4MU1. Current Pearson IGCSE offerings do not appear to include Music. Edexcel currently offers GCSE Music (1MU0) and A-level Music (9MU0) but no IGCSE Music product."
IB,DP,SL_HL,Music,NA,2011,2021,LEGACY,IB_DP_Music_NA_2011_to_2021_LEGACY.pdf,http://www.rosey.ch/files/rosey/academique/appendix-IB-courses/group6-Music.pdf,2026-06-13,OK (1159 KB)
IB,DP,SL_HL,Music,NA,2022,PRESENT,CURRENT,IB_DP_Music_NA_2022_to_PRESENT_CURRENT.pdf,https://mhsib.weebly.com/uploads/1/3/8/5/138557084/music_guide_first_assessment_2022.pdf,2026-06-13,OK (3140 KB)
AQA,GCSE,,Drama,4240,2009,2016,LEGACY,,https://revisionworld.com/drama-4240-aqa-gcse-208,2026-06-13,NOT_FOUND: no URL resolved to a valid PDF
AQA,ALEVEL,,Drama,2240,2005,2016,LEGACY,,https://www.scribd.com/document/427696738/AQA-2240-W-SP-14,2026-06-13,NOT_FOUND: no URL resolved to a valid PDF
Edexcel,IGCSE,Linear,Drama,4DR0,2011,2016,LEGACY,,,2026-06-13,"NOT_OFFERED: Specification code 4DR0 could not be found in Edexcel/Pearson records. Extensive searches of qualifications.pearson.com and archived materials found no evidence this code exists. Pearson's International GCSE portfolio does not currently offer Drama as a subject. IGCSE Drama may not have been offered by Edexcel, or this code designation may be incorrect."
Edexcel,IGCSE,Linear,Drama,4DR1,2017,PRESENT,CURRENT,,,2026-06-13,"NOT_OFFERED: Specification code 4DR1 could not be found in Edexcel/Pearson records. Direct verification of Pearson's International GCSE subjects list confirmed Drama is not offered. Edexcel offers IGCSE qualifications in 37 subjects, but Drama is not among them. Recommend verifying the qualification code or checking if this is a different exam board's product."
OCR,ALEVEL,,Drama,F641,2009,2016,LEGACY,,,2026-06-13,NOT_OFFERED: OCR F641 Drama specification (2009-2016) with units F641-F645 could not be located on official OCR domain despite extensive searches. OCR's current A Level Drama qualification uses codes H059/H459 (from 2016). Legacy pre-2016 specifications are not readily available on ocr.org.uk. Cannot confirm this specification exists or was offered.
IB,DP,SL_HL,Drama,NA,2009,2015,LEGACY,,,2026-06-13,"NOT_OFFERED: Legacy IB DP Drama specification (code NA, first assessment 2009-2015) has been archived and is not freely accessible online. The course was replaced by the new Theatre course (first assessment 2024). Available through official IB channels only: IB Store (store.ibo.org), Programme Resource Centre (resources.ibo.org - requires institutional access), or direct contact with IB (sales@ibo.org)."
AQA,GCSE,,Design_and_Technology,4550,2009,2016,LEGACY,,,2026-06-13,"NOT_OFFERED: Legacy GCSE specification code 4550 (Graphic Products variant) is no longer available on official AQA channels. Superseded by current specification 8552. Past papers exist on third-party sites (PapaCambridge, PastPapers.Co) but official specification PDFs are archived and not publicly accessible via AQA filestore."
AQA,ALEVEL,,Design_and_Technology,2550,2009,2016,LEGACY,,,2026-06-13,"NOT_OFFERED: Legacy A-Level specification code 2550 (Product Design 3D variant) is no longer available on official AQA channels. Superseded by current specifications 7552 (Product Design) and 7562 (Fashion and Textiles). Past papers exist on third-party sites (PapaCambridge, PastPapers.Co) but official specification PDFs are archived and not publicly accessible via AQA filestore."
Edexcel,ALEVEL,,Design_and_Technology,8DE01,2008,2016,LEGACY,,,2026-06-13,NOT_FOUND: no URL resolved to a valid PDF
AQA,GCSE,,Statistics,4310,2005,2016,LEGACY,,https://allaboutmaths.aqa.org.uk/statistics4310,2026-06-13,"NOT_OFFERED: Legacy qualification 4310 is confirmed to exist on AQA All About Maths portal and referenced extensively (STEM.org.uk, pastpapers.co, etc.), but the official PDF specification document is not accessible online. The specification was superseded by code 8382 in 2017. Direct PDF link to legacy 4310 specification could not be located on filestore.aqa.org.uk or other official sources. Contact AQA directly or check archived versions for full specification document."
AQA,GCSE,,Media_Studies,4810,2009,2016,LEGACY,AQA_GCSE_Media_Studies_4810_2009_to_2016_LEGACY.pdf,https://4905753ff3cea231a868-376d75cd2890937de6f542499f88a819.ssl.cf3.rackcdn.com/stcleres/uploads/document/AQA-4810-W-SP-14.pdf,2026-06-13,OK (1423 KB)
AQA,ALEVEL,,Media_Studies,2570,2009,2016,LEGACY,,https://www.aqa.org.uk/subjects/media-studies/as-and-a-level/media-studies-2570,2026-06-13,"NOT_OFFERED: A-Level Media Studies code 2570 is a legacy specification (2009-2016, last exams June 2018 for re-sits). Official AQA specification pages exist but PDF is not accessible or archived publicly. The specification was updated in April 2014 to include new MEST3 topic 'Identities and the Media' (examined June 2015 onwards). No direct PDF URL available; specification replaced by code 7572 from June 2019."
Edexcel,ALEVEL,,Media_Studies,9MD0,2017,PRESENT,CURRENT,,,2026-06-13,"NOT_OFFERED: After extensive searching of Pearson/Edexcel qualifications databases, official specification pages, and UK qualifications registers, no evidence found that Edexcel offers an A-Level Media Studies qualification with code 9MD0. Current A-Level Media Studies is offered by AQA (7572), OCR (H409), Eduqas/WJEC (A680), and Cambridge International (9607), but NOT by Edexcel/Pearson. The only Edexcel media qualification found was a 2013 AS/A Level in Media: Communication and Production (code UA035244), which appears discontinued. The specification code 9MD0 does not appear in any official Edexcel documentation or UK qualifications database."
OCR,CAMNAT,New_Suite_2022,Media_Studies,J834,2022,PRESENT,CURRENT,OCR_CAMNAT_Media_Studies_J834_2022_to_PRESENT_CURRENT.pdf,https://www.ocr.org.uk/Images/610942-specification-cambridge-nationals-creative-imedia-j834.pdf,2026-06-13,OK (3737 KB)
IB,DP,SL_HL,Media_Studies,NA,2009,2018,LEGACY,,,2026-06-13,NOT_FOUND: no URL resolved to a valid PDF
IB,DP,SL_HL,Media_Studies,NA,2019,PRESENT,CURRENT,,,2026-06-13,NOT_FOUND: no URL resolved to a valid PDF
AQA,AS,,Geography,7036,2016,PRESENT,CURRENT,AQA_AS_Geography_7036_2016_to_PRESENT_CURRENT.pdf,https://filestore.aqa.org.uk/resources/geography/specifications/AQA-7036-SP-2016.PDF,2026-06-20,OK (763 KB)
AQA,AS,,History,7041,2016,PRESENT,CURRENT,,,2026-06-20,NOT_FOUND: no filestore PDF for code/slug across 2009-2021
AQA,AS,,Religious_Studies,7061,2017,PRESENT,CURRENT,AQA_AS_Religious_Studies_7061_2017_to_PRESENT_CURRENT.pdf,https://filestore.aqa.org.uk/resources/rs/specifications/AQA-7061-SP-2016.PDF,2026-06-20,OK (594 KB)
AQA,AS,,Business_Studies,7131,2016,PRESENT,CURRENT,,,2026-06-20,NOT_FOUND: no filestore PDF for code/slug across 2009-2021
AQA,AS,,Economics,7135,2016,PRESENT,CURRENT,,,2026-06-20,NOT_FOUND: no filestore PDF for code/slug across 2009-2021
AQA,AS,,Psychology,7181,2016,PRESENT,CURRENT,,,2026-06-20,NOT_FOUND: no filestore PDF for code/slug across 2009-2021
AQA,AS,,Sociology,7191,2016,PRESENT,CURRENT,,,2026-06-20,NOT_FOUND: no filestore PDF for code/slug across 2009-2021
AQA,AS,,Mathematics,7356,2018,PRESENT,CURRENT,AQA_AS_Mathematics_7356_2018_to_PRESENT_CURRENT.pdf,https://filestore.aqa.org.uk/resources/mathematics/specifications/AQA-7356-SP-2017.PDF,2026-06-20,OK (1021 KB)
AQA,AS,,Biology,7401,2016,PRESENT,CURRENT,,,2026-06-20,NOT_FOUND: no filestore PDF for code/slug across 2009-2021
AQA,AS,,Chemistry,7404,2016,PRESENT,CURRENT,,,2026-06-20,NOT_FOUND: no filestore PDF for code/slug across 2009-2021
AQA,AS,,Physics,7407,2016,PRESENT,CURRENT,,,2026-06-20,NOT_FOUND: no filestore PDF for code/slug across 2009-2021
AQA,AS,,Computer_Science,7516,2016,PRESENT,CURRENT,,,2026-06-20,NOT_FOUND: no filestore PDF for code/slug across 2009-2021
AQA,AS,,French,7651,2017,PRESENT,CURRENT,AQA_AS_French_7651_2017_to_PRESENT_CURRENT.pdf,https://filestore.aqa.org.uk/resources/french/specifications/AQA-7651-SP-2016.PDF,2026-06-20,OK (467 KB)
AQA,AS,,German,7661,2017,PRESENT,CURRENT,AQA_AS_German_7661_2017_to_PRESENT_CURRENT.pdf,https://filestore.aqa.org.uk/resources/german/specifications/AQA-7661-SP-2016.PDF,2026-06-20,OK (443 KB)
AQA,AS,,Spanish,7691,2017,PRESENT,CURRENT,AQA_AS_Spanish_7691_2017_to_PRESENT_CURRENT.pdf,https://filestore.aqa.org.uk/resources/spanish/specifications/AQA-7691-SP-2016.PDF,2026-06-20,OK (690 KB)
AQA,AS,,English_Language,7701,2016,PRESENT,CURRENT,,,2026-06-20,NOT_FOUND: no filestore PDF for code/slug across 2009-2021
AQA,AS,A,English_Literature,7711,2016,PRESENT,CURRENT,,,2026-06-20,NOT_FOUND: no filestore PDF for code/slug across 2009-2021
AQA,AS,B,English_Literature,7716,2016,PRESENT,CURRENT,,,2026-06-20,NOT_FOUND: no filestore PDF for code/slug across 2009-2021
AQA,ALEVEL,,German,7662,2018,PRESENT,CURRENT,AQA_ALEVEL_German_7662_2018_to_PRESENT_CURRENT.pdf,https://filestore.aqa.org.uk/resources/german/specifications/AQA-7662-SP-2016.PDF,2026-06-20,OK (474 KB)
AQA,ALEVEL,,Polish,7687,2018,PRESENT,CURRENT,AQA_ALEVEL_Polish_7687_2018_to_PRESENT_CURRENT.pdf,https://filestore.aqa.org.uk/resources/polish/specifications/AQA-7687-SP-2018.PDF,2026-06-20,OK (1392 KB)
AQA,GCSE,,Citizenship_Studies,8100,2018,PRESENT,CURRENT,AQA_GCSE_Citizenship_Studies_8100_2018_to_PRESENT_CURRENT.pdf,https://filestore.aqa.org.uk/resources/citizenship/specifications/AQA-8100-SP-2016.PDF,2026-06-20,OK (540 KB)
AQA,GCSE,Art_Craft_Design,Art_and_Design,8201,2017,PRESENT,CURRENT,,,2026-06-20,NOT_FOUND: no filestore PDF for code/slug across 2009-2021
AQA,GCSE,Fine_Art,Art_and_Design,8202,2017,PRESENT,CURRENT,,,2026-06-20,NOT_FOUND: no filestore PDF for code/slug across 2009-2021
AQA,GCSE,Graphic_Communication,Art_and_Design,8203,2017,PRESENT,CURRENT,,,2026-06-20,NOT_FOUND: no filestore PDF for code/slug across 2009-2021
AQA,GCSE,Textile_Design,Art_and_Design,8204,2017,PRESENT,CURRENT,,,2026-06-20,NOT_FOUND: no filestore PDF for code/slug across 2009-2021
AQA,GCSE,Three_Dimensional_Design,Art_and_Design,8205,2017,PRESENT,CURRENT,,,2026-06-20,NOT_FOUND: no filestore PDF for code/slug across 2009-2021
AQA,GCSE,Photography,Art_and_Design,8206,2017,PRESENT,CURRENT,,,2026-06-20,NOT_FOUND: no filestore PDF for code/slug across 2009-2021
AQA,GCSE,Trilogy,Combined_Science,8464,2018,PRESENT,CURRENT,AQA_GCSE_Combined_Science_8464_2018_to_PRESENT_CURRENT.pdf,https://filestore.aqa.org.uk/resources/science/specifications/AQA-8464-SP-2016.PDF,2026-06-20,OK (2936 KB)
AQA,GCSE,Synergy,Combined_Science,8465,2018,PRESENT,CURRENT,AQA_GCSE_Combined_Science_8465_2018_to_PRESENT_CURRENT.pdf,https://filestore.aqa.org.uk/resources/science/specifications/AQA-8465-SP-2016.PDF,2026-06-20,OK (2166 KB)
AQA,GCSE,,Food_Preparation_and_Nutrition,8585,2018,PRESENT,CURRENT,AQA_GCSE_Food_Preparation_and_Nutrition_8585_2018_to_PRESENT_CURRENT.pdf,https://filestore.aqa.org.uk/resources/food/specifications/AQA-8585-SP-2016.PDF,2026-06-20,OK (782 KB)
AQA,GCSE,,German,8668,2018,PRESENT,CURRENT,AQA_GCSE_German_8668_2018_to_PRESENT_CURRENT.pdf,https://filestore.aqa.org.uk/resources/german/specifications/AQA-8668-SP-2016.PDF,2026-06-20,OK (1451 KB)
AQA,AS,,History,7041,2016,PRESENT,CURRENT,AQA_AS_History_7041_2016_to_PRESENT_CURRENT.pdf,https://filestore.aqa.org.uk/resources/history/specifications/AQA-7041-7042-SP-2015.PDF,2026-06-20,OK (1040 KB)
AQA,AS,,Business_Studies,7131,2016,PRESENT,CURRENT,AQA_AS_Business_Studies_7131_2016_to_PRESENT_CURRENT.pdf,https://filestore.aqa.org.uk/resources/business/specifications/AQA-7131-7132-SP-2015.PDF,2026-06-20,OK (450 KB)
AQA,AS,,Economics,7135,2016,PRESENT,CURRENT,AQA_AS_Economics_7135_2016_to_PRESENT_CURRENT.pdf,https://filestore.aqa.org.uk/resources/economics/specifications/AQA-7135-7136-SP-2015.PDF,2026-06-20,OK (878 KB)
AQA,AS,,Psychology,7181,2016,PRESENT,CURRENT,AQA_AS_Psychology_7181_2016_to_PRESENT_CURRENT.pdf,https://filestore.aqa.org.uk/resources/psychology/specifications/AQA-7181-7182-SP-2015.PDF,2026-06-20,OK (852 KB)
AQA,AS,,Sociology,7191,2016,PRESENT,CURRENT,AQA_AS_Sociology_7191_2016_to_PRESENT_CURRENT.pdf,https://filestore.aqa.org.uk/resources/sociology/specifications/AQA-7191-7192-SP-2015.PDF,2026-06-20,OK (949 KB)
AQA,AS,,Biology,7401,2016,PRESENT,CURRENT,AQA_AS_Biology_7401_2016_to_PRESENT_CURRENT.pdf,https://filestore.aqa.org.uk/resources/biology/specifications/AQA-7401-7402-SP-2015.PDF,2026-06-20,OK (1265 KB)
AQA,AS,,Chemistry,7404,2016,PRESENT,CURRENT,AQA_AS_Chemistry_7404_2016_to_PRESENT_CURRENT.pdf,https://filestore.aqa.org.uk/resources/chemistry/specifications/AQA-7404-7405-SP-2015.PDF,2026-06-20,OK (1239 KB)
AQA,AS,,Physics,7407,2016,PRESENT,CURRENT,AQA_AS_Physics_7407_2016_to_PRESENT_CURRENT.pdf,https://filestore.aqa.org.uk/resources/physics/specifications/AQA-7407-7408-SP-2015.PDF,2026-06-20,OK (1425 KB)
AQA,AS,,Computer_Science,7516,2016,PRESENT,CURRENT,AQA_AS_Computer_Science_7516_2016_to_PRESENT_CURRENT.pdf,https://filestore.aqa.org.uk/resources/computing/specifications/AQA-7516-7517-SP-2015.PDF,2026-06-20,OK (1339 KB)
AQA,AS,,English_Language,7701,2016,PRESENT,CURRENT,AQA_AS_English_Language_7701_2016_to_PRESENT_CURRENT.pdf,https://filestore.aqa.org.uk/resources/english/specifications/AQA-7701-7702-SP-2015.PDF,2026-06-20,OK (646 KB)
AQA,AS,A,English_Literature,7711,2016,PRESENT,CURRENT,AQA_AS_English_Literature_A_7711_2016_to_PRESENT_CURRENT.pdf,https://filestore.aqa.org.uk/resources/english/specifications/AQA-7711-7712-SP-2015.PDF,2026-06-20,OK (768 KB)
AQA,AS,B,English_Literature,7716,2016,PRESENT,CURRENT,AQA_AS_English_Literature_B_7716_2016_to_PRESENT_CURRENT.pdf,https://filestore.aqa.org.uk/resources/english/specifications/AQA-7716-7717-SP-2015.PDF,2026-06-20,OK (845 KB)
AQA,GCSE,Art_Craft_Design,Art_and_Design,8201,2017,PRESENT,CURRENT,AQA_GCSE_Art_and_Design_8201_2017_to_PRESENT_CURRENT.pdf,,2026-06-20,OK (1046 KB) [shared spec copied from AQA_GCSE_Art_and_Design_8201-8206_2017_to_PRESENT_CURRENT.pdf]
AQA,GCSE,Fine_Art,Art_and_Design,8202,2017,PRESENT,CURRENT,AQA_GCSE_Art_and_Design_8202_2017_to_PRESENT_CURRENT.pdf,,2026-06-20,OK (1046 KB) [shared spec copied from AQA_GCSE_Art_and_Design_8201-8206_2017_to_PRESENT_CURRENT.pdf]
AQA,GCSE,Graphic_Communication,Art_and_Design,8203,2017,PRESENT,CURRENT,AQA_GCSE_Art_and_Design_8203_2017_to_PRESENT_CURRENT.pdf,,2026-06-20,OK (1046 KB) [shared spec copied from AQA_GCSE_Art_and_Design_8201-8206_2017_to_PRESENT_CURRENT.pdf]
AQA,GCSE,Textile_Design,Art_and_Design,8204,2017,PRESENT,CURRENT,AQA_GCSE_Art_and_Design_8204_2017_to_PRESENT_CURRENT.pdf,,2026-06-20,OK (1046 KB) [shared spec copied from AQA_GCSE_Art_and_Design_8201-8206_2017_to_PRESENT_CURRENT.pdf]
AQA,GCSE,Three_Dimensional_Design,Art_and_Design,8205,2017,PRESENT,CURRENT,AQA_GCSE_Art_and_Design_8205_2017_to_PRESENT_CURRENT.pdf,,2026-06-20,OK (1046 KB) [shared spec copied from AQA_GCSE_Art_and_Design_8201-8206_2017_to_PRESENT_CURRENT.pdf]
AQA,GCSE,Photography,Art_and_Design,8206,2017,PRESENT,CURRENT,AQA_GCSE_Art_and_Design_8206_2017_to_PRESENT_CURRENT.pdf,,2026-06-20,OK (1046 KB) [shared spec copied from AQA_GCSE_Art_and_Design_8201-8206_2017_to_PRESENT_CURRENT.pdf]
AQA,ALEVEL,Fine_Art,Art_and_Design,7202,2017,PRESENT,CURRENT,AQA_ALEVEL_Art_and_Design_7202_2017_to_PRESENT_CURRENT.pdf,copied from AQA_ALEVEL_Art_and_Design_7201_2017_to_PRESENT_CURRENT.pdf,2026-06-20,OK (853 KB) [real identity: A-level Art & Design (Fine Art); user labelled 'GCSE Statistics'; shares 7201 Art spec]
AQA,ALEVEL,Graphic_Communication,Art_and_Design,7203,2017,PRESENT,CURRENT,AQA_ALEVEL_Art_and_Design_7203_2017_to_PRESENT_CURRENT.pdf,copied from AQA_ALEVEL_Art_and_Design_7201_2017_to_PRESENT_CURRENT.pdf,2026-06-20,OK (853 KB) [real identity: A-level Art & Design (Graphic Communication); user labelled 'L2 Further Maths'; shares 7201 Art spec]
AQA,ALEVEL,Textile_Design,Art_and_Design,7204,2017,PRESENT,CURRENT,AQA_ALEVEL_Art_and_Design_7204_2017_to_PRESENT_CURRENT.pdf,copied from AQA_ALEVEL_Art_and_Design_7201_2017_to_PRESENT_CURRENT.pdf,2026-06-20,OK (853 KB) [real identity: A-level Art & Design (Textile Design); user labelled 'L2 Further Maths'; shares 7201 Art spec]
AQA,ALEVEL,Three_Dimensional_Design,Art_and_Design,7205,2017,PRESENT,CURRENT,AQA_ALEVEL_Art_and_Design_7205_2017_to_PRESENT_CURRENT.pdf,copied from AQA_ALEVEL_Art_and_Design_7201_2017_to_PRESENT_CURRENT.pdf,2026-06-20,OK (853 KB) [real identity: A-level Art & Design (3D Design); user labelled 'L2 Further Maths'; shares 7201 Art spec]
AQA,ALEVEL,Photography,Art_and_Design,7206,2017,PRESENT,CURRENT,AQA_ALEVEL_Art_and_Design_7206_2017_to_PRESENT_CURRENT.pdf,copied from AQA_ALEVEL_Art_and_Design_7201_2017_to_PRESENT_CURRENT.pdf,2026-06-20,OK (853 KB) [real identity: A-level Art & Design (Photography); user labelled 'L2 Further Maths'; shares 7201 Art spec]
AQA,ALEVEL,Fashion_and_Textiles,Design_and_Technology,7562,2017,PRESENT,CURRENT,AQA_ALEVEL_Design_and_Technology_7562_2017_to_PRESENT_CURRENT.pdf,https://filestore.aqa.org.uk/resources/design-and-technology/specifications/AQA-7562-SP-2017.PDF,2026-06-20,OK (867 KB) [real identity: A-level D&T Fashion & Textiles; user labelled 'A-level Dance' (real Dance=7237)]
AQA,GCSE,,Polish,8688,2018,PRESENT,CURRENT,AQA_GCSE_Polish_8688_2018_to_PRESENT_CURRENT.pdf,https://filestore.aqa.org.uk/resources/polish/specifications/AQA-8688-SP-2017.PDF,2026-06-20,OK (1154 KB) [real identity: AQA GCSE Polish; user labelled 'Persian' (AQA offers no Persian; Edexcel 1PN0 does)]
AQA,GCSE,Textiles_Technology,Design_and_Technology,8063,2009,2016,LEGACY,AQA_GCSE_Design_and_Technology_8063_2009_to_2016_LEGACY.pdf,https://web.archive.org/web/20130422064140id_/http://filestore.aqa.org.uk:80/subjects/AQA-4570-W-SP-14.PDF,2026-06-21,OK (939 KB) [Wayback; actual spec=4570 legacy D&T Textiles Technology; user code 8063]
